song_id,artist_id,duration,popularity,explicit,danceability,energy,loudness,speechiness,acousticness,instrumentalness,liveness,valence,tempo,time_signature,mode,key,track_number,artist_popularity,album_length,release_date,end_of_fade_in,start_of_fade_out,tempo_confidence,time_signature_confidence,mode_confidence,key_confidence,num_bars,num_beats,num_tatums,num_sections,num_segments
6AgtIN7FyBd4zJhZI7mrsz,0REMf7H0VP6DwfZ9MbuWph,195893,48,0,0.497,0.748,-4.5,0.0332,0.00227,0,0.136,0.274,131.944,4,1,6,3,63,13,6601,0.0,184.14005,0.608,0.998,0.4,0.086,108,431,862,7,621
6TghWaPh1WHJKWXow7iujH,0REMf7H0VP6DwfZ9MbuWph,199680,46,0,0.47,0.889,-3.879,0.0747,0.00442,2.47e-06,0.379,0.295,164.111,4,1,6,1,63,14,7331,0.72567,183.47828,0.536,0.996,0.456,0.471,131,529,1058,6,648
3eFRjeJ74r4fmo0kXTdi8Y,0REMf7H0VP6DwfZ9MbuWph,194093,43,0,0.304,0.79,-5.756,0.0371,0.000186,0.000442,0.204,0.542,150.383,3,1,1,1,63,13,5506,0.0,185.09206,0.316,0.656,0.336,0.454,163,490,980,11,590
5fEyUL1sp1cJC4YErd29I4,0REMf7H0VP6DwfZ9MbuWph,223613,42,0,0.414,0.442,-7.525,0.0309,0.756,0,0.0995,0.144,141.295,3,1,6,11,63,13,6601,0.0,218.19791,0.27,0.495,0.83,0.527,170,512,1024,9,623
2AMEArFOkOhRxTY3ahlPuc,0REMf7H0VP6DwfZ9MbuWph,210013,41,0,0.29,0.834,-4.369,0.0488,6.84e-05,0.0089,0.1,0.494,162.61,3,0,5,8,63,13,5506,0.09401,195.4888,0.169,0.984,0.421,0.087,188,566,1132,11,601
5vhT2fcFXcRPnJPQA0m1fv,0REMf7H0VP6DwfZ9MbuWph,214133,39,0,0.388,0.924,-2.502,0.0674,4e-05,0.105,0.31,0.628,177.971,4,1,1,3,63,11,10182,0.179,200.21986,0.206,0.064,0.539,0.581,154,620,1240,8,728
2ReQkp85s3wo5iUY6WxGs9,0REMf7H0VP6DwfZ9MbuWph,251760,41,0,0.372,0.934,-6.631,0.159,0.00553,0.607,0.104,0.14,145.143,4,1,1,1,63,11,9266,4.22603,248.38385,0.426,0.889,0.701,1.0,150,605,1210,12,934
0W7VW6dx9YLVH8MuK1WOHy,6AMa1VFQ7qCi61tCRtVWXe,240822,13,0,0.452,0.802,-9.301,0.495,0.193,0,0.289,0.841,81.806,4,1,1,8,61,20,7933,0.0,236.07728,0.235,1.0,0.515,0.45,82,324,648,9,984
2vXF9RVuJ9bhsfvqOIKMMP,188Yj3sIMfQAZmX0FrVjNS,219820,10,0,0.451,0.869,-7.099,0.394,0.00695,0,0.132,0.481,86.375,4,0,4,7,29,20,7933,0.0,206.65179,0.215,1.0,0.463,0.672,77,312,624,12,943
0oNN8sIXIjjqJ2nERDS9t2,6MXpDdUe2H4Ug3eHrprAtU,232986,9,1,0.61,0.858,-8.046,0.363,0.347,3.63e-06,0.366,0.454,82.263,4,0,1,8,26,18,8648,0.22027,230.03429,0.37,1.0,0.481,0.558,79,315,630,9,969
5is8gpA6qlmEOy3OG0znBY,7f35VZGDpomj11PXdNn5D9,263346,5,0,0.504,0.648,-7.372,0.386,0.0798,0,0.0911,0.521,143.921,4,0,11,10,66,23,6719,0.0,256.06385,0.135,1.0,0.279,0.347,147,593,1186,14,1092
7ryJ6dt45cuvjzImODMhza,7f35VZGDpomj11PXdNn5D9,233600,4,0,0.438,0.895,-2.58,0.446,0.351,0,0.131,0.569,151.921,4,0,1,12,66,23,6719,0.0,231.42748,0.476,0.998,0.623,0.636,149,589,1178,11,958
6j41L4M23DCgtC6qDkHm7N,7f35VZGDpomj11PXdNn5D9,236560,4,0,0.664,0.686,-7.358,0.206,0.014,0,0.707,0.345,80.011,4,0,4,18,66,23,6719,0.0,234.33578,0.131,0.894,0.414,0.475,78,315,630,12,970
3fOkKqFzxk6W2Vfx2XGoB2,4u6vvNXjuFEkdX0lhYdsEK,235075,4,0,0.674,0.649,-6.645,0.289,0.0746,8.92e-05,0.668,0.362,106.686,5,1,7,1,16,2,9275,0.0,235.07591,0.191,0.945,0.694,0.824,106,419,838,7,978
11gEQjKHuoAVIzKGNJoF1S,6AMa1VFQ7qCi61tCRtVWXe,262346,4,0,0.491,0.7,-5.728,0.3,0.179,0,0.427,0.293,77.922,4,1,5,3,61,23,6719,0.0,258.74576,0.1,0.418,0.081,0.122,85,343,686,16,1098
5aBsMSrkOWnUfpWr8Jwg1G,6AMa1VFQ7qCi61tCRtVWXe,187400,3,0,0.55,0.96,-2.952,0.329,0.0805,0,0.101,0.457,97.173,4,1,7,7,61,23,6719,0.0,183.31574,0.361,1.0,0.336,0.591,75,302,604,8,714
4RjVrZBYD5OdHo1VlhiwjM,6MXpDdUe2H4Ug3eHrprAtU,243693,3,1,0.609,0.931,-5.23,0.287,0.0104,0,0.378,0.653,161.954,4,1,9,19,26,19,6925,0.0,238.20771,0.23,0.958,0.435,0.446,164,654,1308,10,1075
3QxNepfOMzw65UEJmFNmLc,1aVONoJ0EM97BB26etc1vo,959173,13,0,0.415,0.166,-19.452,0.0358,0.995,0.646,0.0844,0.0934,130.491,3,1,1,1,53,3,8985,2.69932,942.49215,0.568,0.682,0.698,0.441,694,2080,4160,24,2935
5iRh3z9zRn8HMaYkneGnTR,1Z3fF5lZdCM0ZHugkGoH8s,185400,1,0,0.177,0.00217,-45.623,0.0433,0.98,0.971,0.0851,0.0364,66.864,3,1,6,13,44,13,9091,0.5912,179.76889,0.108,0.405,0.521,0.431,67,201,402,10,359
67Gk7VmCmRQd3OkmeZYiZF,5gspFvrY66nnLgn1mt3wgN,706133,0,0,0.38,0.0868,-31.664,0.056,0.758,0.644,0.0951,0.0464,143.528,4,0,9,2,30,9,8985,0.19719,682.5912,0.053,0.3,0.35,0.324,392,1560,3120,29,1748
3nXG95rN9vm6RG4JJhZnbl,1Z3fF5lZdCM0ZHugkGoH8s,490573,0,0,0.308,0.00126,-39.006,0.0922,0.0386,0.896,0.0734,0.2,97.458,4,1,1,5,44,7,8985,1.22857,465.28145,0.02,0.242,0.623,0.573,213,848,1696,22,496
7tzfTuRUMs0dR91YGWKXwZ,1Z3fF5lZdCM0ZHugkGoH8s,492040,0,0,0.388,0.00163,-43.334,0.0804,0.0556,0.175,0.0698,0.0861,137.649,1,1,1,2,44,7,8985,1.55855,448.09288,0.04,0.205,0.561,0.687,210,825,1650,21,710
2LGlmFa9IQPGa28WdxhaiD,7ie36YytMoKtPiL7tUvmoE,306493,0,0,0.484,0.0804,-24.135,0.207,0.974,0.0053,0.407,0.325,119.015,4,0,2,1,57,8,8985,4.76009,306.49335,0.079,0.563,0.471,0.408,178,701,1402,13,1146
1QfuT0trMURcp5fgNcq0Hh,1Z3fF5lZdCM0ZHugkGoH8s,494013,0,0,0.442,0.00101,-36.13,0.278,0.058,0.447,0.0415,0.134,118.924,5,1,1,6,44,7,8985,1.37002,475.49243,0.009,0.025,0.663,0.877,216,858,1716,25,525
4pnQT8mFyNqEZms8nU4kJi,7ie36YytMoKtPiL7tUvmoE,332933,0,0,0.492,0.19,-21.014,0.109,0.954,2.15e-05,0.696,0.353,122.264,4,1,5,2,57,8,8985,0.0,332.93332,0.472,0.882,0.154,0.083,170,677,1354,14,1273
2FEfl7nIDPkVNc4GiTqWGj,2VgF14fgToqgTTz8YVLwV2,785880,0,0,0.291,0.123,-27.246,0.0376,0.968,0.848,0.126,0.0498,73.692,4,1,2,1,31,4,-356939,32.39184,775.37814,0.078,0.745,0.398,0.494,285,1134,2268,35,2371
7fezkLNTs7KdKzL8OJJ0fK,5bHjVR4F2Tfq4Ha6x7K6wU,265560,44,0,0.454,0.233,-19.064,0.0367,0.898,0.81,0.0965,0.0986,173.48,4,1,11,3,67,10,6308,0.32218,253.08009,0.518,0.993,1.0,1.0,190,755,1510,13,764
7ogPk9PSUggLEcqe87gcwa,5bHjVR4F2Tfq4Ha6x7K6wU,223826,43,0,0.81,0.0851,-18.0,0.0744,0.848,0.135,0.0884,0.651,158.107,4,0,5,1,67,12,9639,3.05923,218.84807,0.639,1.0,0.551,0.331,143,576,1152,6,652
2OWOkkAQv7KFlScZymrfZ4,5bHjVR4F2Tfq4Ha6x7K6wU,274280,43,0,0.447,0.0299,-25.007,0.0367,0.982,0.841,0.0736,0.186,70.893,4,0,0,1,67,12,7104,8.34757,261.92689,0.018,0.495,0.353,0.298,77,313,626,13,747
5liJkMCT6YRIVfpaRF0wJY,5bHjVR4F2Tfq4Ha6x7K6wU,219560,43,0,0.629,0.0655,-15.797,0.0589,0.976,0.582,0.0942,0.326,75.008,4,0,3,2,67,13,6971,0.0,205.20635,0.138,0.924,0.554,0.691,67,269,538,9,578
5D1X3ERi3rW6iUufwTh1AZ,5bHjVR4F2Tfq4Ha6x7K6wU,241640,42,0,0.772,0.107,-15.364,0.0601,0.82,0.00293,0.0941,0.563,135.026,4,1,9,2,67,12,9639,0.66744,233.8946,0.917,1.0,0.583,0.305,134,532,1064,9,724
7gB0K0wT0YHvZp2rMeYNEE,5bHjVR4F2Tfq4Ha6x7K6wU,307600,42,0,0.491,0.385,-16.989,0.0324,0.637,0.138,0.181,0.215,130.986,4,0,5,2,67,10,6308,0.08122,299.04399,0.903,1.0,0.853,0.823,167,668,1336,13,1053
4Ew4ptPN9UBugAm5qOdoUx,5bHjVR4F2Tfq4Ha6x7K6wU,114040,41,0,0.545,0.226,-13.216,0.0547,0.827,0.854,0.129,0.412,76.002,4,1,0,1,67,13,6971,0.0,114.04,0.574,0.663,0.449,0.133,34,139,278,5,272
4nGshLvYystwed45UxVWdu,5bHjVR4F2Tfq4Ha6x7K6wU,196120,41,0,0.715,0.112,-18.385,0.0909,0.975,0.904,0.166,0.564,146.056,4,1,0,1,67,12,8675,2.02014,181.11565,0.921,1.0,0.651,0.432,116,469,938,11,681
4b4inATXkXR2Z2idhdXfNN,5bHjVR4F2Tfq4Ha6x7K6wU,218413,40,0,0.671,0.101,-21.88,0.0725,0.985,0.951,0.0689,0.437,93.057,4,1,2,3,67,12,7104,0.46444,212.23039,0.301,1.0,1.0,1.0,82,332,664,11,535
5bm3xlIvlhyilGSVRkXcAp,5bHjVR4F2Tfq4Ha6x7K6wU,212973,40,0,0.281,0.123,-19.108,0.053,0.917,0.964,0.123,0.46,90.058,4,1,7,6,67,13,6971,0.30186,203.19202,0.192,1.0,0.621,0.464,87,351,702,8,495
7bFD8duyBmqE8uS4eyq4fP,5ZaFmMhTJOl2u0mxn5VF3J,226302,40,0,0.375,0.521,-9.31,0.189,0.00607,0,0.183,0.274,92.474,1,1,7,1,32,1,10113,0.0,220.24127,0.037,0.013,0.559,0.445,77,307,614,11,899
3mfUJFfBeSmsvKuQLLEIF0,5ZaFmMhTJOl2u0mxn5VF3J,160812,21,1,0.789,0.366,-11.997,0.509,0.4,1.76e-05,0.22,0.239,126.263,4,1,1,1,32,1,10175,0.13941,148.12009,0.312,1.0,0.521,0.395,82,330,660,7,661
7bxXptjOaMVpJs672YGDEN,5ZaFmMhTJOl2u0mxn5VF3J,197120,7,0,0.627,0.71,-7.694,0.368,0.017,0,0.102,0.615,94.391,4,0,5,1,32,1,10073,0.0,181.49297,0.109,1.0,0.153,0.0,74,303,606,6,941
7yYViVUR22kmcKkmy3RT2G,5ZaFmMhTJOl2u0mxn5VF3J,216607,5,1,0.665,0.931,-7.102,0.431,0.431,0,0.103,0.25,152.313,4,0,1,1,32,1,10072,0.0,212.20717,0.474,1.0,0.653,0.661,136,541,1082,9,946
1m1KwxMRvYgnHIDbwxPc2M,5ZaFmMhTJOl2u0mxn5VF3J,282044,5,0,0.549,0.689,-8.07,0.459,0.565,0,0.118,0.241,79.541,4,0,4,1,32,1,10017,0.17995,263.3259,0.11,1.0,0.467,0.618,93,370,740,10,1141
5MiUJ0FFtRA3vIEwvnjy2q,5ZaFmMhTJOl2u0mxn5VF3J,221283,3,1,0.625,0.703,-12.515,0.815,0.255,0,0.0984,0.532,80.12,4,0,1,1,32,1,9997,0.15098,196.92844,0.02,0.6,0.396,0.286,71,287,574,8,1042
0mCSmq15qSPAlAdFOoVodH,5ZaFmMhTJOl2u0mxn5VF3J,227213,3,0,0.62,0.618,-9.154,0.508,0.278,0,0.0901,0.382,111.677,3,0,11,1,32,1,10128,4.76009,215.81787,0.037,0.585,0.773,0.843,130,391,782,11,937
2H9BVHSLgJebVOOiNghN6z,5ZaFmMhTJOl2u0mxn5VF3J,149596,2,1,0.847,0.555,-7.439,0.418,0.127,0,0.118,0.262,130.005,4,1,1,1,32,1,10119,0.0,140.02794,0.718,1.0,0.496,0.58,80,324,648,7,637
52aTYDYpanQlsniWWUYcoT,5ZaFmMhTJOl2u0mxn5VF3J,164832,2,0,0.698,0.813,-6.288,0.297,0.166,0,0.0889,0.344,129.069,4,1,1,1,32,1,9971,0.0985,162.11592,0.348,1.0,0.562,0.808,87,350,700,8,745
0jBluzLFPwqhMkUvu0YppQ,7boMgFpwLGa82CQIC6FhuE,139840,41,0,0.571,0.323,-11.833,0.0415,0.879,0.0531,0.0945,0.914,167.604,4,1,5,5,39,9,8030,0.22145,135.19819,0.5,1.0,0.5,0.434,95,380,760,9,441
4op5i5grC99midC53h5UvN,7boMgFpwLGa82CQIC6FhuE,162000,39,0,0.729,0.264,-13.858,0.0375,0.927,1.41e-06,0.129,0.655,126.562,4,1,5,9,39,9,8030,0.21474,157.03655,0.34,0.952,0.632,0.605,83,334,668,10,532
2d1I2fvFYvaCj2ekB7gEXs,2NCGI6dLTxLdI9XHdv7QfM,154906,32,0,0.612,0.054,-16.127,0.0384,0.954,1.7e-06,0.176,0.475,115.713,4,1,2,20,67,20,3681,0.42118,152.00943,0.265,0.574,0.727,0.536,73,296,592,8,442
0SWF3NSt9WQ2eCpTJooIf4,7boMgFpwLGa82CQIC6FhuE,159320,18,0,0.553,0.24,-10.642,0.0487,0.962,0.00365,0.36,0.824,178.29,4,0,2,22,39,50,7391,0.19111,154.98739,0.152,1.0,0.342,0.259,114,461,922,8,535
3nQZx52Arx7iXEGX3pBbXS,7boMgFpwLGa82CQIC6FhuE,150986,16,0,0.86,0.273,-11.332,0.0471,0.93,0.000326,0.253,0.864,108.247,4,1,5,33,39,50,7391,0.21828,145.82132,0.521,0.976,0.462,0.427,64,264,528,5,511
2KBZ0TWNkZfiaxShlCOMpF,7boMgFpwLGa82CQIC6FhuE,126133,8,0,0.151,0.198,-14.91,0.0327,0.971,0.961,0.418,0.127,75.838,3,1,5,21,39,21,3410,0.47546,122.79873,0.082,0.463,0.685,0.915,50,154,308,5,386
20gzpI3hxIFaREVTsu3Gtl,7boMgFpwLGa82CQIC6FhuE,131240,16,0,0.776,0.57,-9.721,0.0297,0.912,0.178,0.0974,0.964,96.089,4,1,0,1,39,9,8030,0.22068,125.95664,0.372,0.985,0.4,0.321,50,203,406,7,438
0z8WDzEOyyxP7gtT9bVI4Q,7boMgFpwLGa82CQIC6FhuE,154026,14,0,0.688,0.451,-11.205,0.0483,0.866,0.563,0.116,0.961,173.257,4,1,8,6,39,9,8030,0.0,148.49741,0.235,1.0,0.593,0.8,107,430,860,8,517
0TFJtZKWB4jy2VPonXRr3K,7boMgFpwLGa82CQIC6FhuE,114733,12,0,0.654,0.31,-11.293,0.033,0.938,0.759,0.171,0.912,173.073,4,1,5,2,39,9,8030,0.0,109.2615,0.417,1.0,0.722,0.688,78,316,632,5,342
6PX7jJwWxlQ74m6xjS6jau,7boMgFpwLGa82CQIC6FhuE,178076,12,0,0.516,0.453,-11.872,0.0383,0.976,0.544,0.0705,0.934,177.583,4,1,5,7,39,9,8030,0.41805,173.51692,0.31,0.967,0.6,0.575,130,518,1036,11,619
1gZ7i4qxXkHZb1r6eioaAP,6wPhSqRtPu1UhRCDX5yaDJ,272080,66,0,0.879,0.643,-3.709,0.0888,0.00603,1.42e-06,0.0992,0.582,120.012,4,1,1,1,75,12,5506,0.0,263.98766,0.711,1.0,0.283,0.473,135,544,1088,11,1109
0svl7cK07gK1ia5ainczU5,1YfEcTuGvBQ8xSD1f53UnK,231240,69,1,0.82,0.809,-6.759,0.251,0.443,0.00175,0.0613,0.737,83.011,4,0,4,10,79,20,4337,0.0,226.15655,0.043,1.0,0.059,0.202,79,320,640,14,1220
0YImOCkIJ2PWhCXaURCZnY,1YfEcTuGvBQ8xSD1f53UnK,324306,65,1,0.648,0.759,-4.315,0.306,0.0142,0,0.648,0.518,85.996,4,1,6,12,79,19,4411,3.05923,324.30667,0.86,0.987,0.444,0.547,117,466,932,9,1427
6q2KMzd7tveHHSEUnWbdjQ,1YfEcTuGvBQ8xSD1f53UnK,226880,62,1,0.714,0.904,-2.656,0.279,0.00615,0,0.205,0.746,96.032,4,1,1,1,79,1,10120,0.17995,219.03964,0.348,1.0,0.354,0.126,89,362,724,10,1013
1NHwvBmrUje4L1dxfWnXCH,1YfEcTuGvBQ8xSD1f53UnK,194293,62,1,0.906,0.623,-6.711,0.303,0.00864,4.19e-06,0.0753,0.715,99.498,4,0,1,8,79,18,2555,0.0,184.00073,0.344,1.0,0.407,0.457,80,321,642,7,937
47wZfF4OdME3xkIPhhpSSF,1YfEcTuGvBQ8xSD1f53UnK,158466,60,1,0.591,0.855,-8.339,0.339,0.00832,5.87e-05,0.771,0.78,136.734,4,0,11,10,79,19,2920,0.0,158.46666,0.144,1.0,0.573,0.623,89,361,722,10,824
0xDxS2g775ttrfrwDQl9f8,1YfEcTuGvBQ8xSD1f53UnK,252360,52,0,0.673,0.607,-8.855,0.219,0.019,0,0.0708,0.526,86.055,4,1,4,13,79,22,5059,0.35456,243.56571,0.824,1.0,0.311,0.45,91,360,720,11,1109
09WxJCWFMWAxTHBLLelpDS,1YfEcTuGvBQ8xSD1f53UnK,272813,50,1,0.716,0.924,-5.433,0.324,0.0985,0,0.306,0.786,92.022,4,1,1,5,79,13,2190,0.0,267.8712,0.113,1.0,0.552,0.688,103,415,830,11,1380
6lVM5MWbQuukUFfslPyHKT,1YfEcTuGvBQ8xSD1f53UnK,274706,50,1,0.782,0.789,-4.077,0.478,0.138,0.00401,0.104,0.536,94.811,4,0,8,12,79,20,4337,0.06503,271.80118,0.37,0.986,0.0,0.043,108,432,864,7,1257
5uSxM9u1HVdX32e6CIH9h4,1YfEcTuGvBQ8xSD1f53UnK,355666,47,1,0.513,0.827,-3.958,0.309,0.0287,0,0.181,0.378,115.029,5,0,1,1,79,7,9026,0.56254,347.48662,0.014,1.0,0.343,0.332,154,617,1234,9,1594
5RKyuKxNUq45g3AnQ9LbaU,1V4Kn73kzoIxJga3wmvzFJ,182415,48,1,0.808,0.429,-10.648,0.239,0.00352,0,0.0549,0.418,66.776,5,0,1,1,49,1,10047,0.0,176.8722,0.052,0.891,0.707,0.915,51,204,408,9,803
2p9zXFPSyoL9GIVfAtuCcZ,1V4Kn73kzoIxJga3wmvzFJ,186985,43,1,0.708,0.504,-5.549,0.402,0.00859,1.52e-05,0.0698,0.39,103.975,4,1,11,1,49,1,10119,0.0,183.25769,0.422,1.0,0.297,0.338,70,287,574,10,779
6yl1gnJWeVOio73J9Ij3Mo,2usAJ9Mtrw570XlQ5MHJek,219360,58,0,0.772,0.656,-4.927,0.032,0.408,2.02e-06,0.142,0.965,114.339,3,1,5,1,64,12,6601,0.69084,211.12744,0.811,0.744,0.584,0.513,136,408,816,11,909
6qI69Fmue9o3GP92MZZDul,2usAJ9Mtrw570XlQ5MHJek,181692,57,0,0.635,0.647,-4.677,0.0299,0.597,0,0.249,0.963,123.068,4,1,5,6,64,12,9948,0.32594,174.32961,0.646,0.234,0.679,0.831,90,361,722,7,666
3CUKa0aa5e8xijX4rAINyy,2usAJ9Mtrw570XlQ5MHJek,154293,56,0,0.732,0.592,-5.068,0.0327,0.716,0,0.322,0.966,111.649,3,1,5,8,64,12,6601,0.72145,150.32018,0.735,0.75,0.65,0.653,93,280,560,9,627
3GvQHg0XiEMuJxrCBMTzCc,2usAJ9Mtrw570XlQ5MHJek,164586,52,0,0.688,0.72,-5.106,0.0368,0.414,0,0.325,0.943,124.175,4,1,5,1,64,20,7509,0.34268,156.66503,0.47,0.08,0.415,0.714,83,336,672,8,711
66DKsVLCDNqTVlQVeAH8tJ,2usAJ9Mtrw570XlQ5MHJek,167933,51,0,0.707,0.751,-4.457,0.0327,0.532,1.09e-06,0.346,0.964,116.983,4,1,5,3,64,12,6601,2.60063,160.47311,0.753,0.582,0.78,0.705,81,319,638,10,673
6YD8kCDE1sCP38uKeRloQL,2usAJ9Mtrw570XlQ5MHJek,160133,45,0,0.711,0.5,-9.487,0.0343,0.683,0,0.327,0.963,117.216,3,1,5,9,64,12,5840,2.98376,150.28535,0.719,0.685,0.677,0.803,99,300,600,7,594
5QOOXjTEboAeaWqFTvaGye,2usAJ9Mtrw570XlQ5MHJek,210720,50,0,0.729,0.686,-4.379,0.0338,0.673,2.86e-06,0.284,0.964,114.368,3,1,7,5,64,12,6601,0.76454,206.5473,0.678,0.72,0.582,0.634,131,393,786,10,840
7nEt0IX3z30zbJXL4efOmU,2usAJ9Mtrw570XlQ5MHJek,120959,47,0,0.638,0.66,-4.56,0.0351,0.695,0,0.124,0.967,133.594,4,1,5,4,64,12,9948,0.32531,115.47864,0.718,0.032,0.566,0.776,65,258,516,6,471
53MaNvpgIDqoYvHwldvoFX,2usAJ9Mtrw570XlQ5MHJek,183920,46,0,0.77,0.681,-4.78,0.0345,0.577,0,0.166,0.965,116.094,4,1,5,4,64,12,6601,2.42068,173.58658,0.81,0.5,0.717,0.703,86,348,696,9,752
1IPjmBIcvjScvZ4Z1X6A9c,2usAJ9Mtrw570XlQ5MHJek,223160,40,0,0.619,0.489,-14.437,0.0378,0.407,2.19e-05,0.7,0.963,100.996,3,1,7,3,64,13,6236,0.0,219.67819,0.226,0.144,0.748,0.727,124,375,750,8,955
0gG4SZ5weal3dd11pf5SzV,1uYWNGwHu2d2au8iOXZROv,47240,38,0,0.664,0.899,-3.848,0.265,0.222,1.25e-05,0.0909,0.811,164.806,4,1,7,5,35,26,6966,0.52254,43.96698,0.763,0.89,0.897,0.94,30,121,242,3,174
3tg5qQYoC7FarLuEZchaZm,7zW51ntGb4XNLYT5MRgMCm,91600,29,0,0.649,0.529,-10.121,0.0987,0.716,0,0.382,0.783,102.225,4,1,4,4,21,11,5141,0.28367,85.71066,0.225,0.869,0.355,0.477,36,146,292,6,334
0aSzrkxYBqRbMcwGDrqXZo,1uYWNGwHu2d2au8iOXZROv,173066,25,0,0.511,0.885,-4.547,0.0796,0.0739,0.000716,0.0944,0.744,161.939,4,0,2,8,35,22,7696,0.4585,167.46812,0.616,1.0,0.498,0.469,113,452,904,9,654
31RD66d7601OVaq9chNyZt,1uYWNGwHu2d2au8iOXZROv,179813,19,0,0.68,0.629,-7.838,0.0436,0.0314,0,0.212,0.72,141.928,4,0,8,2,35,10,8061,0.45329,175.62413,0.304,0.824,0.0,0.279,103,415,830,11,632
2VmipRkRAi9F78zojC3CzN,1uYWNGwHu2d2au8iOXZROv,156586,18,0,0.684,0.578,-8.176,0.0294,0.625,0,0.0976,0.416,95.008,4,1,0,5,35,10,8061,0.43692,151.20834,0.264,1.0,0.586,0.687,60,242,484,6,543
2LThOOgcCfPRnkUvddgyNM,1uYWNGwHu2d2au8iOXZROv,198026,15,0,0.517,0.384,-11.399,0.0263,0.703,0.000536,0.104,0.222,131.845,4,1,9,8,35,10,8061,3.53524,187.35601,0.236,0.635,0.656,0.594,105,424,848,11,650
1ijBEOQk1GpMg2nIifvc3A,1uYWNGwHu2d2au8iOXZROv,165453,8,0,0.689,0.766,-3.493,0.0382,0.0926,0,0.317,0.963,119.966,4,1,0,1,35,14,6236,0.46816,159.95066,0.322,1.0,0.755,0.787,80,323,646,9,669
6bltguwsK3aHUfq52lrZNj,1uYWNGwHu2d2au8iOXZROv,127466,5,0,0.731,0.398,-9.269,0.0802,0.778,0,0.155,0.792,101.901,3,1,0,6,35,48,9386,0.30172,124.01197,0.052,0.152,0.359,0.373,70,212,424,7,496
7FTQDM2peYCnQ9Ut4shECx,1uYWNGwHu2d2au8iOXZROv,169493,7,0,0.835,0.57,-8.915,0.133,0.536,0,0.487,0.774,119.988,4,1,2,6,35,8,8460,0.22009,164.17088,0.632,0.99,0.662,0.738,83,332,664,8,614
4VOq3Ddq6Izbnk89MG38uF,1uYWNGwHu2d2au8iOXZROv,148720,6,0,0.735,0.574,-5.287,0.106,0.152,0,0.106,0.754,150.979,4,0,10,9,35,12,6236,0.13397,143.07556,0.035,0.994,0.652,0.574,89,359,718,8,561
7hRxeKpWeNvLKMZFXNVwXM,3P33qFNGBVXl86yQYWspFj,229000,44,0,0.344,0.196,-11.407,0.0351,0.778,0,0.152,0.173,93.418,3,1,7,16,65,16,6507,3.39592,219.28345,0.166,0.866,0.837,0.796,113,344,688,12,639
5V5eCLSxm7JWLj9vOcNLIw,2NzWRNaaLByHyI3wpuec8P,192920,35,0,0.523,0.26,-12.904,0.027,0.824,1.28e-05,0.138,0.164,95.354,4,1,1,9,62,33,1460,0.44698,182.4566,0.17,0.989,0.67,0.652,72,295,590,12,602
7upOqYZUQvA0nyVroaHeSg,43ZHCT0cAZBISjO8DG9PnE,148546,36,0,0.461,0.608,-8.906,0.0286,0.808,3.73e-05,0.318,0.668,95.019,4,1,4,9,83,16,8692,0.19111,142.39637,0.759,0.694,0.472,0.821,56,228,456,8,483
61FfiL8hYFXh5qe7tuBsar,5vngPClqofybhPERIqQMYd,208160,52,0,0.566,0.762,-7.79,0.0617,0.369,6.84e-06,0.976,0.535,133.678,4,1,9,19,76,20,9046,0.0,208.16,0.787,0.524,0.356,0.191,115,460,920,9,666
2LLcI3oU4CedCQDV5tJ1SK,3P33qFNGBVXl86yQYWspFj,253000,51,0,0.622,0.392,-9.737,0.0253,0.498,0,0.146,0.274,77.991,4,1,1,18,65,19,4302,5.38122,240.44263,0.32,0.827,0.205,0.0,79,321,642,10,826
01CnYyPXMFRzOFVQBU8WMb,3P33qFNGBVXl86yQYWspFj,243160,51,0,0.613,0.801,-4.431,0.0354,0.0626,1.15e-05,0.124,0.609,126.966,4,1,8,4,65,12,5045,0.24381,233.95265,1.0,0.943,0.75,0.798,127,509,1018,11,780
1nVoLxz8C0uGgMKfywy0vf,3P33qFNGBVXl86yQYWspFj,204626,45,0,0.712,0.63,-6.202,0.0299,0.257,6.65e-05,0.0999,0.768,118.378,4,1,9,4,65,10,1367,0.15447,194.0956,0.901,0.96,0.668,0.751,99,399,798,10,699
4GwbSrCJFRze2tK4H12Zew,3P33qFNGBVXl86yQYWspFj,227613,35,0,0.41,0.69,-4.92,0.0343,0.305,0,0.0974,0.253,142.644,4,1,5,3,65,11,7976,2.06077,217.95991,0.323,0.994,0.672,0.755,133,531,1062,13,757
0nqjaaZQtY9fgl1M9qjssn,3P33qFNGBVXl86yQYWspFj,215600,36,0,0.433,0.478,-7.378,0.0369,0.273,0,0.333,0.219,199.785,3,1,11,4,65,14,2820,0.27075,203.78993,0.075,0.808,0.582,0.575,230,693,1386,10,614
00lLjT41F0Xg7Z65VeAHoz,3P33qFNGBVXl86yQYWspFj,108013,31,0,0.629,0.442,-8.752,0.0275,0.497,0,0.0485,0.551,140.005,4,1,2,1,65,16,6507,0.53955,100.1883,0.327,1.0,0.564,0.562,61,245,490,6,361
3uFMPm9DLHP2uv1BYTmadh,3w6zswp5THsSKYLICUbDTZ,197685,67,0,0.57,0.763,-5.404,0.0391,0.188,0,0.103,0.366,100.8,4,1,9,1,71,4,9866,3.80227,193.83438,0.605,0.997,0.463,0.417,81,326,652,6,869
2PIlBukQ6limukVR8Ubb5o,3w6zswp5THsSKYLICUbDTZ,181400,64,0,0.479,0.541,-9.862,0.0545,0.737,0,0.108,0.321,85.994,4,1,0,3,71,19,8558,4.80073,171.14848,0.027,0.921,0.545,0.599,63,252,504,8,623
2Abfv3WVyd6wuQheUNXP6r,3w6zswp5THsSKYLICUbDTZ,221826,63,0,0.458,0.815,-7.16,0.0514,0.00374,1.05e-05,0.115,0.362,118.226,4,0,1,2,71,4,9866,0.16322,211.71374,0.105,1.0,0.536,0.478,136,546,1092,9,938
3X01VeoR0GckfiXlFRrJmF,3w6zswp5THsSKYLICUbDTZ,247001,60,0,0.425,0.273,-10.712,0.0355,0.745,0,0.093,0.365,137.994,4,0,11,1,71,5,8069,0.0,237.39501,0.082,0.989,0.522,0.195,140,556,1112,11,716
08xUkX4c0ZbmtpQrzsIQAr,3w6zswp5THsSKYLICUbDTZ,204278,58,0,0.643,0.844,-3.867,0.048,0.0592,0,0.116,0.477,109.95,4,1,6,1,71,1,10104,0.0,199.83093,0.85,1.0,0.451,0.37,92,372,744,10,844
7E9QA6hL8Ebk0yHXeV1UIB,3w6zswp5THsSKYLICUbDTZ,221418,55,0,0.641,0.264,-6.97,0.0364,0.923,0,0.0983,0.357,101.18,4,1,6,1,71,1,10126,0.14073,211.60925,0.071,1.0,0.652,0.576,84,337,674,11,650
0sE9ZTxMxYneIUAEHN4Tg7,3w6zswp5THsSKYLICUbDTZ,245312,54,0,0.213,0.298,-9.314,0.0348,0.896,1.17e-05,0.112,0.18,76.918,3,0,11,8,71,19,8558,0.0,235.45615,0.046,0.458,0.691,0.452,151,455,910,11,692
4Sir1bXEwLvZDjz7h0LZIP,3w6zswp5THsSKYLICUbDTZ,210813,53,0,0.531,0.729,-6.934,0.0493,0.008,0.000234,0.141,0.084,124.086,4,1,4,1,71,1,9562,0.14526,205.83329,0.767,0.902,0.662,0.812,108,433,866,10,818
0koGdXlH95ltYxdymhzMNa,3w6zswp5THsSKYLICUbDTZ,220213,52,0,0.672,0.617,-6.048,0.0576,0.219,0.00237,0.0861,0.243,105.001,4,0,6,2,71,4,10154,0.17333,210.84299,0.663,1.0,0.481,0.325,93,372,744,9,785
1WSF2SjtfkV8LjTlF8uCZH,3w6zswp5THsSKYLICUbDTZ,239855,51,0,0.453,0.461,-9.328,0.0329,0.165,0,0.109,0.0844,106.84,5,0,0,12,71,19,8558,0.17964,219.89878,0.378,0.211,0.701,0.544,106,423,846,12,665
644es5aYPJghtZLjM1rmSP,0OcclcP5o8VKH2TRqSY2A7,175040,62,0,0.488,0.0629,-21.524,0.0342,0.843,0.406,0.133,0.175,104.311,4,1,2,2,72,18,4364,6.19973,166.26649,0.121,0.953,0.653,0.605,75,304,608,7,558
3Knohqfb9jeYzL6wMZiWLM,0OcclcP5o8VKH2TRqSY2A7,229106,62,0,0.104,0.111,-20.031,0.0517,0.979,0.926,0.11,0.039,83.933,4,1,1,10,72,18,4364,2.91991,221.68671,0.066,0.393,0.453,0.707,91,365,730,8,753
1ykbtFnlIjmIFnZ8j6wg6i,0OcclcP5o8VKH2TRqSY2A7,440800,61,0,0.131,0.137,-20.553,0.0387,0.934,0.485,0.087,0.0465,78.577,4,1,2,17,72,18,4364,2.85025,434.63111,0.044,0.431,0.522,0.295,144,576,1152,20,1429
45CV1nphN3pGo6Pyaf0iNC,0OcclcP5o8VKH2TRqSY2A7,63686,60,0,0.248,0.0444,-25.07,0.0435,0.981,0.939,0.114,0.0826,67.643,5,1,7,1,72,18,9461,2.54259,63.68653,0.066,0.08,0.508,0.246,16,64,128,3,127
1TQKEwq4y9SkNciJuisE1m,0OcclcP5o8VKH2TRqSY2A7,195600,55,0,0.122,0.0407,-26.194,0.0457,0.96,0.847,0.104,0.0342,74.418,5,0,4,8,72,20,4742,2.05497,179.0781,0.035,0.328,0.907,0.983,57,232,464,9,616
6HYCOHzY2xR4W2dOokH3ed,0OcclcP5o8VKH2TRqSY2A7,357400,54,0,0.299,0.492,-13.19,0.0544,0.36,0.905,0.202,0.0365,84.204,4,0,5,13,72,18,4364,0.10717,339.51637,0.127,0.855,0.209,0.329,126,501,1002,12,913
0VfcYOujgf9JDAgwlgu1qm,0OcclcP5o8VKH2TRqSY2A7,185426,52,0,0.0623,0.1,-20.607,0.0459,0.982,0.934,0.116,0.0359,64.791,4,1,0,9,72,18,4364,2.38585,175.92599,0.027,0.701,0.712,0.696,54,213,426,11,520
1lIcdDpGlc2mO2LYA0f5KM,0OcclcP5o8VKH2TRqSY2A7,738080,52,0,0.137,0.0625,-22.77,0.04,0.941,0.926,0.277,0.0365,87.682,3,1,2,49,72,50,5099,3.01279,733.83764,0.05,0.171,0.531,0.469,359,1080,2160,27,2244
6ANHfvTsKVUMQD1xD2VAMr,0OcclcP5o8VKH2TRqSY2A7,235026,51,0,0.0735,0.0657,-21.943,0.0374,0.947,0.958,0.258,0.0317,177.549,4,0,2,1,72,18,4364,4.58014,224.42667,0.043,0.412,0.488,0.458,161,651,1302,12,601
54BDogj8DLMEAyMRz9gWnC,0OcclcP5o8VKH2TRqSY2A7,220619,51,0,0.384,0.039,-23.58,0.0413,0.982,0.911,0.111,0.0361,116.914,4,0,9,17,72,18,9461,0.53746,209.47882,0.25,0.654,0.4,0.433,103,412,824,10,562
6oYkwjI1TKP9D0Y9II1GT7,6Id8rcDNyBXPcgKQVfQ8rX,195146,64,0,0.443,0.472,-14.567,0.258,0.702,0,0.0798,0.847,62.402,4,1,5,6,65,24,5871,0.27964,189.23683,0.243,0.357,0.545,0.727,64,259,518,10,847
4HGIPyqDxSf863tPOwXiLJ,6Id8rcDNyBXPcgKQVfQ8rX,163400,55,0,0.673,0.237,-15.684,0.0526,0.68,0,0.0943,0.743,134.889,4,1,0,10,65,24,5871,0.3658,157.70993,0.783,0.936,0.726,0.891,88,355,710,8,634
5eoEVRTtSFNqqacXidSNMe,6Id8rcDNyBXPcgKQVfQ8rX,181293,43,0,0.475,0.265,-14.496,0.0556,0.811,0.0038,0.0797,0.0996,113.667,4,0,6,7,65,20,2586,0.27283,162.19719,0.094,1.0,0.801,0.7,96,384,768,9,674
6pm1oZnmPYzSq66AN301hM,4mmMtabvFCKA6HfmVmitNH,211160,41,0,0.326,0.557,-7.895,0.214,0.721,0,0.138,0.518,64.671,1,1,5,10,61,14,8426,3.30884,205.06703,0.026,0.276,0.496,0.601,97,386,772,10,813
45SmwPjsJvauHdf5jw8CAo,6Id8rcDNyBXPcgKQVfQ8rX,151733,35,0,0.566,0.414,-9.727,0.381,0.683,0,0.101,0.73,83.274,4,1,8,3,65,20,2586,0.18698,148.03302,0.051,0.711,0.378,0.762,51,204,408,5,638
5DqQVfOvHEDiV77ne6VJia,6Id8rcDNyBXPcgKQVfQ8rX,147493,31,0,0.595,0.344,-13.811,0.0845,0.792,0,0.24,0.456,121.108,4,0,3,12,65,16,-5840,0.09406,141.35728,0.32,0.838,0.386,0.557,72,290,580,6,457
6nSXfrrAxM5YdYVLDcT5tQ,6Id8rcDNyBXPcgKQVfQ8rX,152453,31,0,0.791,0.739,-9.594,0.141,0.231,0,0.645,0.929,88.277,4,1,8,4,65,10,5871,0.28844,146.26249,0.502,1.0,0.444,0.344,54,219,438,8,684
2y9SipeBX14hHQPSecgbvd,6Id8rcDNyBXPcgKQVfQ8rX,188586,8,0,0.829,0.432,-13.743,0.0668,0.0961,0,0.102,0.802,126.62,4,1,0,2,65,8,5871,0.07596,181.33624,0.815,1.0,0.802,0.902,98,396,792,11,716
6k1sdS0T6Hs0LVDlJ6pzL2,6Id8rcDNyBXPcgKQVfQ8rX,230013,22,0,0.717,0.842,-6.82,0.134,0.111,0,0.137,0.879,92.392,4,0,4,11,65,14,8426,0.43583,217.15882,0.332,1.0,0.226,0.346,86,351,702,10,1036
1t1ZHTjbDxmwrwtw6CJYaB,6Id8rcDNyBXPcgKQVfQ8rX,149893,21,0,0.779,0.764,-8.259,0.105,0.0977,0,0.12,0.765,120.007,4,1,7,6,65,10,5871,0.21973,146.51211,0.325,0.983,0.593,0.733,73,293,586,7,664
0DjeeOgNEGWTJlTn5pGGCt,4ItQg5jxEnZ3h0IwyqGRlq,243826,20,0,0.541,0.44,-13.923,0.047,0.114,0,0.0897,0.323,127.988,4,1,5,1,32,1,9455,15.16844,235.61288,0.548,0.26,0.391,0.358,122,488,976,10,869
24X38l8nEk71e4vtjs5DDu,4ItQg5jxEnZ3h0IwyqGRlq,181363,14,0,0.544,0.815,-5.043,0.0392,0.0613,0,0.0993,0.358,131.972,4,1,4,1,32,1,8895,0.42395,173.17442,0.944,1.0,0.567,0.557,96,390,780,9,596
6QNLbVJgAEl2sMNjmsmiBg,4ItQg5jxEnZ3h0IwyqGRlq,210520,14,0,0.656,0.565,-7.83,0.0385,0.109,0,0.0479,0.479,136.004,4,0,8,2,32,6,9812,0.5098,199.27365,0.333,1.0,0.662,0.704,115,465,930,8,707
4Qkup7dkRP80Y6mtqj9ZXW,4ItQg5jxEnZ3h0IwyqGRlq,195066,9,0,0.765,0.706,-6.166,0.0871,0.0186,0,0.0941,0.731,101.982,4,0,8,5,32,6,9812,0.51673,188.41252,0.948,1.0,0.392,0.423,81,322,644,8,905
7qSBsHrGmrMIH3qLMgQ67K,4ItQg5jxEnZ3h0IwyqGRlq,181853,7,0,0.512,0.197,-12.857,0.0577,0.789,0,0.127,0.1,66.565,4,0,0,3,32,6,9812,0.0,176.41941,0.013,0.504,0.763,0.901,50,198,396,7,524
3YBCc10m9SfxTqAbeyGvGv,4ItQg5jxEnZ3h0IwyqGRlq,235860,6,0,0.434,0.43,-6.143,0.0307,0.0324,0.0216,0.165,0.156,183.881,4,1,1,1,32,1,7631,0.48776,228.66431,0.029,0.472,0.669,0.669,179,720,1440,10,630
3EI1pQKMFIamS7ijy5K8uO,4ItQg5jxEnZ3h0IwyqGRlq,248120,6,0,0.755,0.446,-10.567,0.062,0.0372,0,0.0642,0.493,112.989,4,1,9,4,32,6,9812,2.06077,236.66939,0.751,0.793,0.374,0.268,117,455,910,14,961
7sgbJ0WJFuk5sNDXO7a82J,4ItQg5jxEnZ3h0IwyqGRlq,235750,4,0,0.514,0.442,-13.851,0.0458,0.107,0,0.0848,0.329,127.991,4,1,5,6,32,6,9812,7.14594,227.59039,0.437,0.201,0.407,0.392,122,487,974,8,877
5Z7m1i5lSkZkkpHhLDHlCW,4ItQg5jxEnZ3h0IwyqGRlq,238256,2,0,0.577,0.905,-5.624,0.0907,0.000584,0.000276,0.0994,0.439,140.01,4,1,0,1,32,1,8666,0.06177,233.45342,0.811,1.0,0.472,0.447,136,547,1094,13,888
0vvpqVq6tnJVpoNO6VEPjN,4ItQg5jxEnZ3h0IwyqGRlq,190708,2,0,0.579,0.626,-5.403,0.0292,0.36,0.0013,0.251,0.253,115.007,4,1,4,1,32,1,8875,0.06349,181.7658,0.776,0.972,0.608,0.653,90,362,724,9,597
00LqCA5fcpiAJ0U7fNoJVu,2NwYS5UK1AbaTljDWp4uh0,202546,22,0,0.548,0.203,-12.763,0.0339,0.976,0,0.424,0.546,92.521,4,1,6,9,25,15,-9459,1.37506,197.14902,0.116,1.0,0.228,0.051,76,303,606,7,632
0xaHlB6fWz9WrxvfBe8Nog,2NwYS5UK1AbaTljDWp4uh0,176733,15,0,0.557,0.343,-10.756,0.033,0.878,0,0.0481,0.923,128.679,4,1,7,3,25,15,-9459,0.77288,168.48399,0.392,1.0,0.498,0.028,89,355,710,10,626
1a875BCrdbe3Qvoa6oZQBZ,2NwYS5UK1AbaTljDWp4uh0,177666,14,0,0.707,0.303,-12.853,0.0351,0.927,1.25e-05,0.126,0.85,118.139,3,0,8,12,25,17,-9094,0.42376,162.85315,0.765,0.129,0.419,0.321,104,318,636,8,597
2srxx9rYIYBDWYIwwcwC9T,2NwYS5UK1AbaTljDWp4uh0,235386,12,0,0.571,0.203,-9.78,0.0338,0.961,0,0.105,0.636,110.669,4,1,1,2,25,15,-9459,2.54839,228.80943,0.412,1.0,0.649,0.915,105,419,838,12,752
0hkM38IjqXAfGPf4GMvI7P,2NwYS5UK1AbaTljDWp4uh0,134826,10,0,0.574,0.299,-12.218,0.0316,0.947,0.00125,0.113,0.618,111.643,4,0,6,6,25,15,-9459,1.09392,126.63583,0.615,0.91,0.0,0.0,59,238,476,8,456
18gwL7KJwJPMHHgh1I6HlI,2NwYS5UK1AbaTljDWp4uh0,131880,9,0,0.789,0.434,-7.907,0.0317,0.727,0.000837,0.0502,0.611,101.822,4,0,10,1,25,15,-9459,1.27896,125.32971,0.302,1.0,0.333,0.23,54,216,432,8,427
0eMRL0FvjiThP4xQAwOuS3,2NwYS5UK1AbaTljDWp4uh0,117706,9,0,0.436,0.351,-11.624,0.0721,0.882,0.945,0.077,0.931,152.416,5,1,6,4,25,15,-9459,0.85066,109.9581,0.378,0.353,0.605,0.862,72,288,576,6,505
4BV6PlNpPjODN3karK36ux,2NwYS5UK1AbaTljDWp4uh0,131360,8,0,0.796,0.358,-12.076,0.0313,0.83,0.00346,0.0593,0.733,102.747,4,0,2,1,25,50,3240,0.48893,123.36762,0.618,1.0,0.29,0.008,51,210,420,9,424
2QtvqH8ZNDI4Cn6u87wBJT,2NwYS5UK1AbaTljDWp4uh0,237266,8,0,0.669,0.296,-10.407,0.0289,0.967,0,0.172,0.69,91.269,4,1,6,10,25,15,-9459,0.95478,229.45379,0.073,0.636,0.252,0.004,90,357,714,12,687
30CRYs6bO9CKXMFlByZjez,2NwYS5UK1AbaTljDWp4uh0,108760,7,0,0.637,0.294,-10.358,0.046,0.816,2.02e-05,0.0843,0.708,172.105,4,0,8,5,25,15,-9459,0.6673,97.68054,0.088,1.0,0.254,0.0,71,288,576,9,340
72iAaOAsrBYa4U0VV7cHFd,4TshyQDihSYXSWqvclXl3I,171066,71,0,0.584,0.716,-4.737,0.0342,0.00733,0,0.0879,0.525,90.005,4,1,0,1,65,12,10086,0.0,162.98086,0.314,1.0,0.507,0.471,61,246,492,8,610
7JKUEuxOW5NNieEjoW59sH,4TshyQDihSYXSWqvclXl3I,201346,55,0,0.434,0.75,-3.53,0.0293,0.0107,0,0.106,0.488,159.824,4,1,10,6,65,12,8765,0.201,193.66603,0.403,1.0,0.678,0.684,129,521,1042,10,631
7kxat5e63WKjwREbECuksl,4TshyQDihSYXSWqvclXl3I,182693,54,0,0.405,0.61,-5.549,0.0419,0.352,0,0.172,0.385,77.605,4,1,0,12,65,12,10086,1.04544,175.67637,0.284,0.987,0.722,0.704,58,230,460,7,563
3jSyE8r8vgg8fmwojoMzql,4TshyQDihSYXSWqvclXl3I,184386,54,0,0.59,0.887,-2.634,0.0353,0.0504,0,0.132,0.679,120.061,4,1,1,10,65,12,8765,0.21778,174.84626,0.944,1.0,0.743,0.742,88,356,712,10,561
3Bdqlr7jQLNhITAgcBGQBG,4TshyQDihSYXSWqvclXl3I,214933,52,0,0.551,0.863,-3.506,0.0322,0.0158,0,0.0843,0.817,143.952,4,1,11,4,65,12,8765,0.20998,203.55773,0.816,0.973,0.713,0.839,125,504,1008,6,709
30AbuftV7JJBI9FZiaLAII,4TshyQDihSYXSWqvclXl3I,216320,46,0,0.448,0.956,-3.329,0.156,0.0811,0,0.0859,0.58,176.201,4,1,2,1,65,12,8765,1.01583,203.53451,0.248,1.0,0.695,0.858,153,615,1230,10,737
3FL4czdeol9yVly6DEWz5Q,4TshyQDihSYXSWqvclXl3I,187413,42,0,0.51,0.823,-3.555,0.0887,0.0315,0,0.0909,0.742,149.906,4,1,1,11,65,12,10086,0.18717,177.4527,0.489,0.984,0.644,0.514,115,462,924,9,595
01SQsJtykP7BfD7AbCfWg9,4TshyQDihSYXSWqvclXl3I,168586,41,0,0.506,0.858,-4.37,0.062,0.0123,0,0.4,0.443,157.911,4,1,7,4,65,12,10086,0.19714,164.70494,0.568,0.991,0.692,0.5,109,438,876,9,581
7e6O8Wd9h3NWK4Jc2V4AdG,4TshyQDihSYXSWqvclXl3I,188346,41,0,0.58,0.923,-3.865,0.0623,0.0119,0,0.31,0.812,146.05,4,1,7,7,65,12,10086,3.30304,180.61061,0.889,0.936,0.929,0.53,112,449,898,9,644
10Gzg4Bw9rsDc6lnxoVDKh,4TshyQDihSYXSWqvclXl3I,185226,36,0,0.583,0.868,-4.503,0.105,0.00289,1.28e-06,0.0993,0.847,159.052,4,1,4,5,65,12,10086,0.18522,185.22667,0.648,0.996,0.419,0.5,121,488,976,8,680
1Q7rNLWmgvnXsUlw8VoYMC,339LznRZlrepreVHtbByXT,240706,22,0,0.404,0.568,-8.404,0.0833,0.417,0,0.0697,0.402,95.122,4,0,9,4,28,7,9858,0.7215,229.4712,0.373,0.907,0.385,0.343,93,368,736,9,890
6AX0FNpkwCpeEGCficg80j,339LznRZlrepreVHtbByXT,193786,20,0,0.391,0.726,-5.671,0.048,0.437,0,0.395,0.599,163.959,4,0,7,6,28,20,7740,0.56884,189.16717,0.182,1.0,0.346,0.01,130,520,1040,7,662
2pSzrmaxlrMmRAxabdqvW6,339LznRZlrepreVHtbByXT,224640,19,0,0.598,0.696,-5.164,0.0312,0.463,0,0.338,0.57,105.046,4,1,3,8,28,13,9282,0.35406,216.34612,0.151,1.0,0.555,0.373,96,381,762,9,836
7FzSzyKHz3ANEnf1EGCaGT,339LznRZlrepreVHtbByXT,316586,17,0,0.271,0.423,-8.987,0.0302,0.557,0,0.0979,0.159,139.886,4,1,3,13,28,21,8760,0.23279,308.2449,0.12,1.0,0.733,0.742,178,719,1438,16,866
5F20bWxckvMhcwITcZHXcl,339LznRZlrepreVHtbByXT,272880,16,0,0.492,0.497,-6.386,0.0254,0.457,0,0.139,0.359,101.913,4,1,2,2,28,13,9282,0.17991,262.82667,0.464,0.814,0.703,0.623,112,452,904,11,986
7iG5d9LQRgNlI4JZ6u30sb,339LznRZlrepreVHtbByXT,217080,16,0,0.565,0.775,-5.786,0.075,0.13,0,0.291,0.675,77.985,4,1,9,1,28,13,9282,0.51088,208.92735,0.157,0.812,0.531,0.489,71,274,548,12,766
4kxmahsVqojsXPDgEwhvUT,339LznRZlrepreVHtbByXT,277594,15,0,0.596,0.685,-7.396,0.059,0.00283,0,0.772,0.531,75.023,4,0,5,11,28,11,8497,0.0,273.85034,0.492,0.874,0.212,0.092,86,346,692,11,1064
4pZYk0N46xyGdL4MNIhLNt,339LznRZlrepreVHtbByXT,234053,15,0,0.523,0.643,-7.503,0.0466,0.464,0,0.0844,0.0965,130.039,4,1,10,1,28,7,9858,0.71401,228.078,0.614,0.874,0.473,0.534,122,493,986,12,781
23QUGcckRqN0OipQbP6Yqi,339LznRZlrepreVHtbByXT,251880,15,0,0.534,0.633,-7.654,0.0357,0.142,0,0.0948,0.297,139.946,4,0,0,7,28,7,9858,7.29107,246.3405,0.67,0.954,0.649,0.678,145,574,1148,15,905
5GJDVQyLs3cJ1Q80kPZ7S0,339LznRZlrepreVHtbByXT,232080,14,0,0.653,0.683,-5.825,0.03,0.392,0,0.366,0.392,125.043,4,1,6,3,28,13,9282,0.24966,222.88834,0.848,1.0,0.554,0.588,118,470,940,12,874
4VQTqgvdj4V5b7syJn7pRI,79FVJJL5I7Eru2ZvOsNsxf,119173,23,0,0.228,0.299,-13.766,0.0338,0.972,0.957,0.38,0.157,90.144,4,1,7,11,19,22,6236,0.49324,112.95927,0.142,0.578,0.191,0.173,43,174,348,9,382
02QZEPotfp5wz5cMPTWHY7,79FVJJL5I7Eru2ZvOsNsxf,97960,23,0,0.49,0.344,-12.096,0.0271,0.932,0.734,0.154,0.263,136.084,4,1,7,5,19,22,6236,0.34263,89.00789,0.324,1.0,0.49,0.036,53,216,432,6,295
4AtZRwSR8BOTTQg5ihSggt,4IVAbR2w4JJNJDDRFP3E83,246773,72,1,0.579,0.58,-4.679,0.1,0.0317,2.06e-06,0.18,0.106,102.848,4,1,9,3,83,14,9838,0.0,241.90549,0.213,0.94,0.463,0.537,103,414,828,11,1068
1MQ8ydvrTnn2QJgXFATJvD,4IVAbR2w4JJNJDDRFP3E83,211960,72,1,0.787,0.565,-7.536,0.259,0.00717,1.53e-05,0.251,0.0593,155.968,4,1,1,10,83,14,9838,0.14512,207.73732,0.402,1.0,0.336,0.011,135,541,1082,12,786
1BjiBbVzBMREvXiT6X5tHi,4IVAbR2w4JJNJDDRFP3E83,185865,68,1,0.911,0.603,-4.787,0.234,0.226,1.42e-05,0.0924,0.249,111.835,5,0,10,1,83,1,10044,4.4176,174.13224,0.027,0.853,0.807,0.788,82,328,656,8,877
1u4orOe6gYxeE9xKpv11Qi,4IVAbR2w4JJNJDDRFP3E83,205489,66,1,0.391,0.322,-9.809,0.0628,0.924,1.29e-06,0.0934,0.45,83.947,4,1,3,1,83,1,9939,0.08571,195.07664,0.083,0.312,0.459,0.201,71,283,566,9,731
2I88NEWpKrAPZuapXNV5G6,30DhU7BDmF4PH0JVhu8ZRg,185617,66,0,0.605,0.553,-10.845,0.101,0.274,0.0152,0.184,0.62,152.076,4,0,10,12,72,12,10160,0.0,178.18993,0.306,0.967,0.29,0.0,116,461,922,9,737
5irqvOUbWsUefjZ8KPSQ66,4IVAbR2w4JJNJDDRFP3E83,252893,65,1,0.71,0.459,-9.744,0.154,0.106,0.00115,0.112,0.164,121.943,4,1,10,7,83,14,9838,0.14499,241.42948,0.185,1.0,0.336,0.41,128,509,1018,10,970
4Sv7Fo4bSpK0tM1WBspz4J,4IVAbR2w4JJNJDDRFP3E83,263013,63,1,0.74,0.536,-5.335,0.0443,0.00377,4.24e-06,0.104,0.357,123.947,4,0,9,4,83,14,9838,0.26091,243.3161,0.443,1.0,0.256,0.309,134,539,1078,12,1123
4bJX21zvsGJELwVNf902qk,4IVAbR2w4JJNJDDRFP3E83,249680,64,1,0.621,0.576,-8.933,0.226,0.117,3.53e-06,0.191,0.201,95.14,4,0,5,1,83,14,9838,2.47873,243.5483,0.667,0.964,0.459,0.358,98,392,784,9,1125
2QUkDpFgjXHcilqVkjixEe,4IVAbR2w4JJNJDDRFP3E83,260893,64,1,0.474,0.446,-8.803,0.241,0.356,0,0.163,0.202,86.766,4,0,10,1,83,1,9657,0.30395,255.36145,0.001,0.98,0.29,0.289,93,376,752,8,1008
1S4sxNGmCASkyRI08YhLtT,4IVAbR2w4JJNJDDRFP3E83,215000,60,1,0.738,0.396,-12.468,0.0619,0.377,0.000182,0.111,0.238,80.001,4,0,1,8,83,14,9838,0.0,208.22494,0.257,1.0,0.491,0.318,70,286,572,7,762
1mU0es3QUBRAxKkYvTANpG,1P8IfcNKwrkQP5xJWuhaOC,293933,57,1,0.803,0.537,-11.503,0.238,0.381,0.0283,0.117,0.588,95.026,4,0,10,5,67,15,1856,0.1049,281.25751,0.914,1.0,0.675,0.686,116,462,924,13,1308
6C7ZgThn6Yan5MTZdAEEFw,1P8IfcNKwrkQP5xJWuhaOC,289693,55,1,0.798,0.761,-7.274,0.16,0.0342,0.592,0.276,0.603,102.373,4,0,10,8,67,14,267,0.18689,285.89569,0.947,1.0,0.654,0.712,124,489,978,12,1443
6jL1SnyXcXiKOmw4M2RnmT,1P8IfcNKwrkQP5xJWuhaOC,248493,54,0,0.614,0.445,-17.091,0.424,0.00268,0.0194,0.335,0.626,202.191,4,0,1,2,67,14,267,0.30177,231.34041,0.254,1.0,0.715,0.994,203,821,1642,10,1117
1GIN41bLhiKeEPeC2vXH8i,1P8IfcNKwrkQP5xJWuhaOC,267320,51,0,0.574,0.799,-5.734,0.0426,0.0129,2.63e-05,0.0741,0.463,199.804,4,1,0,1,67,11,5381,0.33102,260.98068,0.098,0.986,0.639,0.326,221,889,1778,24,1009
1B2LQNHWMrQ9k9aO0rK5Ml,1P8IfcNKwrkQP5xJWuhaOC,284693,50,0,0.703,0.427,-12.407,0.08,0.337,0,0.109,0.538,88.086,4,0,5,4,67,15,1856,0.15079,276.25941,0.28,0.998,0.751,0.811,102,414,828,12,1197
7Jc0l11j0Ehx6smWHqDXtX,1P8IfcNKwrkQP5xJWuhaOC,244733,38,1,0.812,0.605,-8.342,0.289,0.000452,5.48e-06,0.0796,0.441,105.859,4,1,7,1,67,10,2586,0.36735,240.8722,0.859,1.0,0.481,0.332,108,432,864,9,1229
519xI1wfOAJvHeV9kFdXaV,1P8IfcNKwrkQP5xJWuhaOC,322733,43,0,0.721,0.278,-20.777,0.319,0.0699,0,0.089,0.622,88.169,4,1,0,9,67,12,-863,0.19751,307.47283,0.217,1.0,0.527,0.609,116,467,934,15,1515
0HJYzGavqzjiKMmm4F0UZv,1P8IfcNKwrkQP5xJWuhaOC,287000,45,0,0.646,0.812,-3.932,0.254,0.218,0,0.299,0.694,95.014,4,1,6,3,67,15,4688,0.13342,287.0,0.759,0.785,0.182,0.059,112,451,902,15,1299
702JBOmVd5CHvo6DExxWXU,1P8IfcNKwrkQP5xJWuhaOC,250266,45,0,0.915,0.81,-10.951,0.49,0.00287,0.000943,0.166,0.433,135.751,4,0,9,5,67,16,2221,0.48717,244.98794,0.422,0.944,0.731,0.658,140,563,1126,11,944
4F4neui0edP1ozygvFiCi7,1P8IfcNKwrkQP5xJWuhaOC,240493,44,0,0.898,0.52,-12.88,0.15,0.00558,0.377,0.124,0.253,98.476,4,0,6,7,67,11,-1477,0.1444,240.49333,0.674,1.0,0.681,0.826,98,393,786,10,1296
0ZP80EMPzOsCooOldU2haS,23wEWD21D4TPYiJugoXmYb,252413,26,0,0.382,0.604,-7.118,0.0394,0.832,0.000337,0.471,0.237,76.027,4,1,0,11,74,12,8845,0.0,252.41333,0.156,0.959,0.886,0.876,79,318,636,11,757
57YZHvzh0TD0iTuzMiuFf4,23wEWD21D4TPYiJugoXmYb,280453,20,0,0.533,0.741,-5.514,0.0415,0.42,7.52e-06,0.932,0.313,140.033,4,1,4,2,74,12,8845,0.0,280.45334,0.424,0.992,0.507,0.381,165,654,1308,11,936
33JHHGuF0I99zANdhrw8nv,23wEWD21D4TPYiJugoXmYb,192786,11,0,0.611,0.961,-2.743,0.0887,0.321,0,0.98,0.535,107.021,4,1,5,10,74,12,8845,2.11302,192.78667,0.473,0.535,0.444,0.945,84,342,684,7,736
16ICxJ2SxK7R3hu1qEGCH0,23wEWD21D4TPYiJugoXmYb,218786,14,0,0.496,0.779,-5.913,0.0343,0.0952,5.22e-06,0.481,0.361,79.996,4,1,9,3,74,12,8845,0.0,212.18395,0.074,0.972,0.59,0.612,71,291,582,9,697
1pBmohbEUr3ZHqH8olHltF,23wEWD21D4TPYiJugoXmYb,232213,14,0,0.418,0.839,-4.588,0.0512,0.28,0,0.829,0.399,135.995,4,1,9,9,74,12,8845,3.76163,225.83147,0.675,0.959,0.16,0.0,130,521,1042,9,681
4BgNY85CbAbosV5GXA7T73,23wEWD21D4TPYiJugoXmYb,215506,27,0,0.634,0.864,-4.375,0.0424,0.517,0,0.68,0.771,136.021,4,1,4,1,74,1,8717,4.35955,204.01633,0.811,0.67,0.527,0.509,121,487,974,6,764
580JBXYq5PwCoOed4xRwGj,23wEWD21D4TPYiJugoXmYb,293493,12,0,0.203,0.707,-6.934,0.0723,0.646,0,0.938,0.321,176.069,4,1,2,6,74,12,8845,0.0,293.49335,0.149,0.971,0.367,0.017,212,849,1698,15,998
7h1FsL1KkwWZr59aiJNAXU,23wEWD21D4TPYiJugoXmYb,341280,11,0,0.444,0.693,-7.502,0.0396,0.0554,8.95e-05,0.964,0.312,147.646,4,1,7,7,74,12,8845,0.0,336.03338,0.135,0.939,0.235,0.0,210,840,1680,14,1112
59uI2gsoetBGcBjhb9BOVd,23wEWD21D4TPYiJugoXmYb,250653,11,0,0.271,0.801,-5.085,0.0708,0.42,0,0.976,0.32,163.922,4,1,8,4,74,12,8845,0.0,250.65334,0.059,0.961,0.39,0.156,169,678,1356,9,763
6fDddXTln1oOYBWrPrXED7,23wEWD21D4TPYiJugoXmYb,379520,12,0,0.397,0.873,-5.294,0.124,0.176,0.000401,0.976,0.562,102.077,4,1,0,5,74,12,8845,2.62385,379.51999,0.121,1.0,0.499,0.3,194,773,1546,9,1435
2WnxXaTRvi2nngfzfNO25f,7AzzsLSrHV9darZnK3RSDN,194573,49,0,0.45,0.897,-2.342,0.0541,0.0413,2.7e-06,0.667,0.282,129.95,4,1,0,10,53,11,8379,0.1741,190.58358,0.819,0.9,0.6,0.607,102,414,828,8,563
77o5lCGzfnfVzeEhCgn1BD,7AzzsLSrHV9darZnK3RSDN,256944,46,0,0.48,0.972,-3.991,0.105,2.66e-05,0.00446,0.0942,0.355,134.999,4,1,6,1,53,1,7962,6.33324,246.88036,0.622,1.0,0.436,0.304,141,567,1134,11,890
6VrHR5LQPAES7ndxlGYXZX,7AzzsLSrHV9darZnK3RSDN,168773,45,0,0.537,0.501,-10.052,0.0363,0.15,0,0.388,0.444,130.022,4,0,7,6,53,16,7571,0.0,164.82104,0.444,0.495,0.829,0.782,90,364,728,9,605
6JRnZ2BUBqKfvhE3f7b15S,7AzzsLSrHV9darZnK3RSDN,242640,45,0,0.529,0.973,-3.461,0.164,0.000307,2.33e-05,0.207,0.398,135.125,4,0,2,3,53,13,7696,0.0,233.20381,0.639,0.868,0.359,0.386,136,541,1082,13,929
5ZvrFIq6FDGyAtK8RvJIDS,7AzzsLSrHV9darZnK3RSDN,175946,42,0,0.478,0.962,-4.041,0.088,0.0001,0,0.394,0.365,145.058,4,0,5,2,53,10,7570,0.0,175.94667,0.524,0.958,0.281,0.014,107,425,850,10,618
5k4UCvBUh1nrDs1MISo0dB,7AzzsLSrHV9darZnK3RSDN,187693,39,1,0.535,0.931,-4.784,0.153,0.000164,0,0.0294,0.229,145.022,4,1,7,2,53,14,7331,0.06966,183.1532,0.695,1.0,0.648,0.798,112,445,890,5,691
1Nk4fKT3qyaxiGbidW0Nyf,7AzzsLSrHV9darZnK3RSDN,217866,37,0,0.468,0.975,-1.871,0.1,0.00161,0,0.339,0.441,130.063,4,0,10,3,53,11,8379,0.16875,210.19283,0.477,0.713,0.51,0.513,115,459,918,8,728
4xsd45zqDMIF2DZKCmrFX5,7AzzsLSrHV9darZnK3RSDN,174666,36,0,0.44,0.908,-5.053,0.134,3.59e-05,0,0.563,0.277,145.012,4,1,8,3,53,10,7570,0.0,174.66667,0.175,0.778,0.47,0.29,105,421,842,7,603
2wI3xCiITyXqS43G4NSns8,7AzzsLSrHV9darZnK3RSDN,208253,35,0,0.429,0.948,-5.195,0.217,0.000137,0,0.665,0.189,139.983,4,1,2,5,53,16,7571,2.78639,208.25333,0.855,0.94,0.395,0.17,122,485,970,6,660
5CmMcREmjPVMRtnRS2OsL0,7AzzsLSrHV9darZnK3RSDN,252573,34,0,0.306,0.971,-2.576,0.251,0.0018,4.41e-06,0.231,0.383,113.314,5,0,10,9,53,11,8379,0.10472,249.91057,0.159,0.934,0.419,0.286,155,620,1240,13,920
1DoS5ql0TW3ejjJGHbsAmz,3ycxRkcZ67ALN3GQJ57Vig,301639,69,0,0.719,0.487,-6.21,0.0604,0.711,8.36e-05,0.0958,0.345,121.729,4,0,9,1,70,1,10161,0.0,297.24444,0.291,1.0,0.33,0.262,151,604,1208,14,1068
4c60yLpE5lXvICT0pyEaZ5,2FwDTncULUnmANIh7qKa5z,256800,64,0,0.525,0.72,-6.916,0.169,0.176,0.00648,0.0769,0.483,91.708,4,0,11,3,71,12,9948,3.21596,233.81333,0.442,1.0,0.46,0.515,105,425,850,11,1128
6SEolIp22t0DzeBfCBo3hr,2FwDTncULUnmANIh7qKa5z,311837,63,0,0.41,0.169,-11.422,0.0485,0.847,0.00327,0.117,0.208,89.494,4,1,3,5,71,12,9948,0.0,305.53977,0.113,0.992,0.305,0.192,125,496,992,14,1077
5kc6erfW0v4PtsBtRJpf0Z,2FwDTncULUnmANIh7qKa5z,249847,60,0,0.697,0.433,-9.822,0.052,0.614,0.042,0.0901,0.266,148.087,4,0,7,2,71,12,9948,0.0,245.11565,0.093,1.0,0.552,0.596,152,604,1208,5,877
1B5fbRxnB26duk77yCBWvS,2FwDTncULUnmANIh7qKa5z,235000,59,0,0.784,0.593,-6.078,0.0725,0.452,0.485,0.117,0.524,95.991,4,0,3,1,71,1,9898,0.0,229.72082,0.826,1.0,0.473,0.658,93,373,746,12,936
0qGQXQdUNwPYQadGuELgEI,2FwDTncULUnmANIh7qKa5z,182445,58,0,0.488,0.228,-9.13,0.0429,0.686,0.00374,0.0835,0.317,80.982,3,1,11,12,71,12,9948,0.0,170.89306,0.132,1.0,0.174,0.032,71,214,428,8,540
6obKvh06VvBZP98oqU6YR7,2FwDTncULUnmANIh7qKa5z,270405,57,0,0.771,0.488,-7.978,0.0473,0.209,0.0445,0.0726,0.568,91.031,4,0,10,1,71,4,8613,0.0,270.40546,0.403,0.964,0.29,0.147,102,409,818,8,1157
1WNOscEdUrRvDwHotfeAW5,2FwDTncULUnmANIh7qKa5z,268860,57,0,0.791,0.729,-6.234,0.0646,0.456,0.291,0.0957,0.0782,102.021,4,0,3,10,71,12,9948,0.0,259.31465,0.581,1.0,0.27,0.454,115,456,912,13,1136
2cbWaw8K4fKvR9kgBg3ugq,538d30rb03lrsD9u8Yipar,252000,57,0,0.657,0.528,-8.039,0.0683,0.707,0.000155,0.264,0.35,75.44,4,0,6,1,52,3,9231,0.4005,241.15084,0.272,0.99,0.54,0.504,78,312,624,12,885
2zeZKCbHujxCfB6e45S8fk,2FwDTncULUnmANIh7qKa5z,241363,57,0,0.856,0.383,-8.725,0.136,0.319,0.000333,0.0978,0.525,88.014,4,0,9,12,71,14,9496,0.08726,234.20227,0.001,0.97,0.374,0.316,87,352,704,10,927
7kFxZ5ckpMi2RhN1WH8cn2,6PEMFpe3PTOksdV4ZXUpbE,174866,53,1,0.678,0.732,-7.31,0.327,0.471,0,0.117,0.704,117.142,4,1,10,13,66,19,10191,0.0,172.3327,0.854,0.983,0.381,0.454,86,341,682,9,816
66M2Kjv7WbGznWe3FTNhVF,6PEMFpe3PTOksdV4ZXUpbE,304906,52,1,0.677,0.656,-7.331,0.185,0.0887,0,0.249,0.558,96.008,4,1,7,6,66,6,9489,0.0,297.27347,0.184,0.237,0.68,0.736,120,481,962,14,1392
4kfW8eRhenlOWkMpyq94Ww,6PEMFpe3PTOksdV4ZXUpbE,156133,50,1,0.41,0.522,-5.699,0.187,0.157,0,0.146,0.564,71.284,4,1,8,5,66,19,10191,0.0,153.42585,0.0,1.0,0.386,0.135,45,185,370,6,615
140ohx1rU9NpWMfnKO7HM3,6PEMFpe3PTOksdV4ZXUpbE,150760,48,1,0.492,0.49,-6.209,0.322,0.0252,0,0.382,0.54,81.139,4,1,11,7,66,19,10191,0.0,148.27683,0.593,1.0,0.455,0.23,52,204,408,8,675
1zKlpxDNxSg1hvnUc0yaEt,6PEMFpe3PTOksdV4ZXUpbE,177146,47,1,0.638,0.842,-7.349,0.0793,0.477,0,0.224,0.911,84.937,4,1,0,12,66,19,10191,0.0,171.31102,0.117,1.0,0.569,0.649,62,249,498,3,737
6UdTxKk8Uq7lzich0VgJbg,6PEMFpe3PTOksdV4ZXUpbE,243973,46,1,0.523,0.77,-7.169,0.346,0.261,2.97e-05,0.225,0.789,77.337,4,0,5,9,66,19,10191,0.0,238.42249,0.386,0.904,0.231,0.0,78,313,626,9,1105
0996yf3TIgoHXnLehJhsPe,6PEMFpe3PTOksdV4ZXUpbE,192294,41,1,0.404,0.823,-6.062,0.0719,0.0215,0.00247,0.594,0.418,74.356,1,0,0,4,66,12,10202,0.0,192.29492,0.001,0.457,0.853,0.668,59,240,480,9,766
4oLN78ZhnuV8vqRqN5wC72,6PEMFpe3PTOksdV4ZXUpbE,194786,44,1,0.565,0.854,-5.806,0.3,0.182,4.03e-06,0.399,0.541,83.661,4,1,1,4,66,19,10191,0.0,194.78667,0.338,0.453,0.513,0.592,66,270,540,9,827
4gszZ10tJQXZiI9SxkO4zM,6PEMFpe3PTOksdV4ZXUpbE,165626,44,1,0.35,0.765,-5.977,0.241,0.576,6.58e-06,0.516,0.267,137.318,3,1,0,2,66,19,10191,0.0,165.62666,0.107,0.636,0.343,0.434,126,378,756,5,631
06qABPRLEAb2sMQ4wYCRoQ,6PEMFpe3PTOksdV4ZXUpbE,96600,43,1,0.65,0.867,-7.266,0.116,0.364,0.0001,0.2,0.726,77.09,4,1,2,3,66,19,10191,0.0,96.6,0.11,0.735,0.537,0.482,30,124,248,4,417
0VYFakqQG8p6yHrqq9TAoY,6JBGaRYIWS7fzKP0qGgZve,202573,61,0,0.785,0.387,-5.986,0.0347,0.649,0,0.106,0.889,121.948,4,0,6,3,66,11,9797,0.0,195.721,0.364,0.701,0.447,0.311,99,397,794,10,687
2IqNbflEkshezwf3F814H8,6JBGaRYIWS7fzKP0qGgZve,212720,63,0,0.786,0.358,-5.337,0.0289,0.575,0,0.105,0.742,91.023,4,1,7,12,66,21,9905,0.0976,204.96834,0.147,1.0,0.47,0.201,79,321,642,7,623
3EHj4N0Kp0wX3RpPW6TJj5,6JBGaRYIWS7fzKP0qGgZve,235146,57,0,0.587,0.381,-6.732,0.0298,0.722,0,0.343,0.654,138.201,4,1,5,1,66,11,9797,2.43229,223.56753,0.547,1.0,0.643,0.681,130,522,1044,11,775
0lVOqutuHCiFixqq9fqxJu,6JBGaRYIWS7fzKP0qGgZve,233253,51,0,0.521,0.435,-6.608,0.0298,0.547,0,0.189,0.864,199.923,3,1,9,21,66,21,9905,0.11147,222.22077,0.236,0.954,0.752,0.904,256,774,1548,12,817
0QoR0hGC1QsTc2AyF67iTb,6JBGaRYIWS7fzKP0qGgZve,208986,49,0,0.705,0.444,-3.757,0.0292,0.761,0,0.219,0.729,101.084,4,1,11,8,66,11,9797,0.24417,200.36499,0.545,0.76,0.641,0.713,84,338,676,10,699
0JTRI4wEa3Eohhh0HAkRAX,6JBGaRYIWS7fzKP0qGgZve,164746,48,0,0.609,0.455,-4.672,0.0313,0.677,0,0.0908,0.824,92.255,4,1,7,7,66,11,9797,0.0,155.88717,0.405,0.938,0.644,0.594,60,241,482,8,584
6o36BydspETPGC1sXv79vt,6JBGaRYIWS7fzKP0qGgZve,207146,46,0,0.607,0.418,-6.739,0.0297,0.661,5.27e-05,0.121,0.786,147.032,3,1,5,2,66,11,9797,0.58045,198.8673,0.345,1.0,0.841,0.837,163,490,980,10,748
5z9HEdV44VFk5fVszBB3ZH,6JBGaRYIWS7fzKP0qGgZve,179320,45,0,0.651,0.356,-4.939,0.0303,0.636,0,0.0876,0.662,82.961,4,1,0,5,66,11,9797,0.4566,170.18485,0.0,0.979,0.571,0.532,59,241,482,8,576
7JEa90eOfECVoVppk9beJd,6JBGaRYIWS7fzKP0qGgZve,143946,45,0,0.732,0.644,-3.86,0.0387,0.538,0,0.137,0.917,126.02,1,1,7,15,66,21,9905,0.0,137.1893,0.715,0.511,0.689,0.765,71,288,576,7,625
4u5mQlDvxaouZU5yJZwWo6,6JBGaRYIWS7fzKP0qGgZve,197960,45,0,0.41,0.349,-5.686,0.0297,0.742,0,0.225,0.627,177.929,3,1,0,6,66,11,9797,0.41796,190.41524,0.043,0.375,0.682,0.704,186,564,1128,12,643
0w3Q14i073jLoew1hgJkwD,4MoAOfV4ROWofLG3a3hhBN,205200,78,0,0.594,0.824,-4.252,0.0458,0.0617,0,0.0861,0.671,116.005,4,1,9,9,77,12,9653,0.15692,194.83864,0.926,1.0,0.416,0.392,97,390,780,8,682
4ly1QBXEwYoDmje9rmEgC4,4MoAOfV4ROWofLG3a3hhBN,202346,74,0,0.557,0.676,-4.457,0.027,0.0661,0,0.0871,0.678,108.016,4,1,7,3,77,12,9653,0.16871,195.05923,0.55,1.0,0.676,0.597,89,358,716,9,631
7f08qp3HROTkfrtNpiYGGo,4MoAOfV4ROWofLG3a3hhBN,201893,73,0,0.685,0.783,-4.152,0.0276,0.116,0,0.194,0.525,90.008,4,1,11,6,77,12,9653,0.18644,194.34522,0.103,0.993,0.514,0.49,75,301,602,6,750
0bPnT6i9H1p8Vd85GS6Z7I,4MoAOfV4ROWofLG3a3hhBN,172253,63,0,0.628,0.757,-3.561,0.0281,0.113,0,0.263,0.727,96.016,4,1,7,4,77,12,9653,0.17932,160.32218,0.095,1.0,0.451,0.309,66,268,536,9,491
59O0lOCAMdBugXQrEGR6A6,4MoAOfV4ROWofLG3a3hhBN,197546,60,0,0.857,0.548,-6.078,0.0378,0.361,0,0.105,0.913,112.974,4,1,11,11,77,11,8791,0.0,187.47211,1.0,0.994,0.696,0.848,89,358,716,12,658
1Be8liECvEP5NYZjYvukbI,4MoAOfV4ROWofLG3a3hhBN,198466,60,0,0.56,0.679,-4.527,0.0236,0.123,2.46e-05,0.224,0.622,92.928,4,1,5,7,77,12,9653,0.16862,189.14975,0.208,0.99,0.767,0.901,75,298,596,8,554
6qewYf1Su9xeaAp9iEQpUw,4MoAOfV4ROWofLG3a3hhBN,209640,52,0,0.558,0.708,-4.931,0.0298,0.169,0,0.11,0.435,163.065,4,1,9,2,77,11,8791,0.2142,197.8224,0.355,0.987,0.407,0.337,139,558,1116,10,727
1hc31O4qhv2tnSnW1290KC,4MoAOfV4ROWofLG3a3hhBN,203373,57,0,0.57,0.621,-4.189,0.0254,0.0367,0,0.0679,0.693,159.932,4,1,7,1,77,11,8791,1.03324,199.80771,0.187,0.973,0.608,0.472,132,532,1064,12,629
4HdxI4yrlmN2C9GaMD9mxL,4MoAOfV4ROWofLG3a3hhBN,197893,55,0,0.676,0.911,-2.514,0.0264,0.204,0,0.114,0.886,108.011,4,1,1,2,77,12,9653,0.18009,188.84789,0.735,1.0,0.623,0.503,86,348,696,9,619
5TkXm783DrsA17o8sdPLmS,4MoAOfV4ROWofLG3a3hhBN,213880,54,0,0.579,0.517,-6.532,0.0257,0.0548,0,0.0922,0.488,136.064,4,1,8,4,77,11,8791,0.17415,205.90295,0.786,1.0,0.745,0.839,117,472,944,12,620
5s6mKTlGb9aUyqclcHnvDa,5EQIBLPeVGQhTJxlk3HJdO,163710,33,0,0.381,0.0281,-22.028,0.0437,0.887,0,0.0694,0.384,140.464,3,1,2,1,28,1,9449,0.96952,155.70721,0.525,0.576,0.632,0.513,120,363,726,9,560
42C5e94bLtM9AfqimCAWVR,5EQIBLPeVGQhTJxlk3HJdO,150352,22,0,0.223,0.283,-10.662,0.0394,0.943,0.000636,0.217,0.0718,169.544,3,0,7,1,28,1,10037,2.49615,144.95637,0.236,0.398,0.355,0.497,134,405,810,7,541
7KPSHMm5ioazQaT9Nv7zgA,5EQIBLPeVGQhTJxlk3HJdO,150193,19,0,0.325,0.152,-19.125,0.0406,0.94,0.000428,0.127,0.11,141.742,3,0,7,1,28,1,9690,3.45977,144.13787,0.146,0.535,0.917,0.99,113,342,684,10,485
0F3dqoJuT2Cf1lv6Fe6NuX,5EQIBLPeVGQhTJxlk3HJdO,188653,17,0,0.309,0.128,-17.108,0.0375,0.947,1.75e-06,0.0832,0.363,162.9,3,0,0,1,28,1,9788,0.57465,180.19265,0.057,0.467,0.747,0.731,165,500,1000,7,602
2Vjnt3ISwBAl30HNRNoYTp,5EQIBLPeVGQhTJxlk3HJdO,137099,16,0,0.305,0.183,-10.39,0.0356,0.938,0,0.13,0.286,119.42,3,0,7,1,28,1,10106,0.54522,131.65134,0.119,1.0,0.838,0.808,87,266,532,8,465
0wP9irdIppmMIOVAzAlk49,5EQIBLPeVGQhTJxlk3HJdO,163600,15,0,0.467,0.29,-8.151,0.0297,0.93,0.00408,0.0952,0.348,75.005,3,0,3,1,28,1,10157,0.25873,159.50367,0.009,0.147,0.755,0.551,67,201,402,8,561
5W5TDKgcu7U7CfVGtySOz0,5EQIBLPeVGQhTJxlk3HJdO,254823,12,0,0.42,0.164,-12.528,0.0343,0.955,4.34e-06,0.125,0.376,85.232,3,1,5,1,28,1,10204,0.29039,242.53823,0.034,0.764,0.785,0.946,116,350,700,12,946
1bJxrBltO4UMc9j3GALWQN,5EQIBLPeVGQhTJxlk3HJdO,193500,9,0,0.45,0.21,-9.551,0.0376,0.933,0,0.122,0.269,89.656,3,1,0,1,28,1,9923,0.74213,180.42485,0.05,0.973,0.601,0.421,90,271,542,8,625
3UBRhJ7tRmIPa6Lu2U2Xum,7wLCKxrmlPxGDN3CrkX1HG,167288,9,0,0.527,0.219,-8.778,0.0423,0.927,7.48e-06,0.0981,0.312,118.289,4,0,7,1,5,1,9848,0.4537,160.31057,0.32,0.661,0.798,0.77,79,320,640,7,667
41fBmqMHorMaKqG3ebbSxW,5EQIBLPeVGQhTJxlk3HJdO,172310,6,0,0.205,0.224,-10.945,0.0352,0.9,0.0107,0.157,0.174,89.168,4,1,1,1,28,1,9776,2.00853,160.10159,0.0,0.959,0.888,0.961,62,252,504,7,553
6R8xM8XygRJMHfeQMNujJs,2XMpXAQ0B1J95en60YGE3V,430907,50,0,0.653,0.813,-9.379,0.0393,0.0044,0.921,0.0408,0.29,122.008,4,0,9,1,43,3,8942,0.08009,427.80444,0.842,1.0,0.288,0.012,221,875,1750,15,2731
6uDkpYKZOYopmGBHFTgLiS,2XMpXAQ0B1J95en60YGE3V,460682,32,0,0.724,0.564,-11.129,0.0383,0.00267,0.79,0.138,0.528,117.999,4,0,8,1,43,4,7471,0.0,444.0468,0.808,0.993,0.464,0.412,226,900,1800,14,2746
7hi2ggD7ly3O5bNbkIp2O8,2XMpXAQ0B1J95en60YGE3V,419512,32,0,0.744,0.885,-10.93,0.0439,0.0607,0.827,0.076,0.687,122.982,4,1,11,1,43,3,9320,0.0,412.84499,0.866,1.0,0.517,0.087,215,859,1718,18,2316
2Tkjhp2Siu1UqQjIHpK9lx,2XMpXAQ0B1J95en60YGE3V,132706,23,0,0.627,0.846,-9.259,0.0488,0.124,0.942,0.167,0.69,123.046,4,0,10,6,43,14,10093,0.0,132.70667,0.808,1.0,0.835,0.886,67,272,543,7,740
4BDOSVdG1DpUxcnwO3Rnct,2XMpXAQ0B1J95en60YGE3V,417114,22,0,0.804,0.696,-10.024,0.0523,0.000153,0.876,0.116,0.146,122.005,4,0,7,2,43,3,10075,0.0,417.11456,0.868,1.0,0.627,0.782,211,848,1696,14,2900
6Dyb59rGJ9pCsdTebB7Moq,2XMpXAQ0B1J95en60YGE3V,416457,21,0,0.675,0.537,-13.509,0.0412,0.241,0.905,0.128,0.564,123.012,4,0,9,1,43,3,9052,0.0,413.06558,0.834,0.733,0.475,0.475,211,850,1700,11,2454
1PZ3UxM8FCEHrbVPoN09CS,67tgMwUfnmqzYsNAtnP6YJ,430453,19,0,0.668,0.851,-9.522,0.0427,0.0836,0.863,0.0638,0.552,123.014,4,1,2,26,63,34,9125,0.201,427.53161,0.854,1.0,0.574,0.608,219,879,1758,11,2915
3fN5NeZ7CYjgUa4wte6wj1,2XMpXAQ0B1J95en60YGE3V,360053,19,0,0.756,0.738,-12.733,0.0449,0.0175,0.904,0.0717,0.415,123.003,4,1,11,4,43,4,9715,0.0,356.69914,0.89,1.0,0.599,0.795,185,737,1474,15,2416
5RjuYwWwc1r9cHFwJ63ZCb,2XMpXAQ0B1J95en60YGE3V,418597,17,0,0.86,0.741,-6.936,0.0538,0.157,0.897,0.0687,0.66,123.003,4,0,9,1,43,3,9708,0.0,413.07138,0.789,1.0,0.388,0.7,215,857,1714,17,2299
0sdb2gCDDXRtkIma4uZVnu,2XMpXAQ0B1J95en60YGE3V,282933,16,0,0.745,0.908,-11.237,0.0539,0.0494,0.909,0.0537,0.475,125.01,4,1,2,7,43,32,7426,0.0,282.93332,0.777,1.0,0.508,0.721,147,589,1178,10,1750
4g74CSDNPepcXXWyJ53wry,1DHGS6S7X2lF4cgEa9ErqC,265714,42,0,0.472,0.989,-3.127,0.119,5.48e-05,0.00102,0.313,0.137,122.535,4,0,11,2,45,10,9777,0.0,258.71673,0.202,0.672,0.615,0.607,133,531,1062,12,848
6aI3hnAKqTiWRih0nOiQwB,1DHGS6S7X2lF4cgEa9ErqC,180000,34,0,0.449,0.996,-2.783,0.338,0.00459,0.914,0.144,0.0695,135.065,3,1,9,2,45,15,8842,4.4234,176.34975,0.499,0.293,0.221,0.282,132,398,796,6,593
5XqqaOUBlmNI0klddvXILW,1DHGS6S7X2lF4cgEa9ErqC,321157,33,0,0.412,0.99,-2.58,0.128,1.49e-05,0.000241,0.381,0.123,95.014,4,1,1,6,45,10,9777,3.99383,315.3502,0.609,0.988,0.579,0.536,127,503,1006,10,1072
6CiIhqNdkDoCHNa0uT6dIv,1DHGS6S7X2lF4cgEa9ErqC,216250,32,0,0.453,0.994,-2.595,0.2,7.21e-05,2.8e-05,0.0847,0.0466,120.046,4,1,2,9,45,10,9777,0.24971,212.49741,0.549,0.981,0.289,0.064,108,429,858,9,767
08YinGekY4fqCXtWIaDMQY,1DHGS6S7X2lF4cgEa9ErqC,107294,32,0,0.454,0.956,-3.336,0.11,0.000185,0.884,0.287,0.292,113.326,3,0,3,1,45,15,8842,1.40485,95.6488,0.248,0.471,0.499,0.359,66,198,396,5,379
53ySDUnMpGKNOwAbTqYOdk,1DHGS6S7X2lF4cgEa9ErqC,199500,32,0,0.471,0.988,-2.617,0.169,3.43e-05,2.29e-05,0.234,0.293,140.022,4,0,11,3,45,10,9777,0.20884,192.06385,0.838,0.749,0.551,0.348,114,457,914,8,659
3yyFp7neKrcBwU0YEP0kDG,1DHGS6S7X2lF4cgEa9ErqC,213360,31,0,0.485,0.988,-2.822,0.183,2.91e-05,0.000627,0.109,0.128,124.975,4,0,1,4,45,10,9777,0.23224,205.57787,0.786,0.757,0.594,0.49,111,439,878,9,714
2F1EYcccaaPTU86yIyYas5,1DHGS6S7X2lF4cgEa9ErqC,228436,31,0,0.384,0.961,-3.01,0.106,0.00684,2.87e-05,0.124,0.0393,137.484,4,1,1,7,45,10,9777,0.20317,218.19791,0.569,0.155,0.53,0.464,131,521,1042,5,594
6PZ4laCe1Fpxhtu5uSqnnF,1DHGS6S7X2lF4cgEa9ErqC,184636,30,0,0.469,0.997,-3.596,0.188,0.00217,0.447,0.106,0.0371,109.935,4,1,6,5,45,10,9777,0.27116,176.6458,0.806,1.0,0.469,0.644,82,331,662,8,627
3Tftcf6HjAuXEbl3j7cOeS,1DHGS6S7X2lF4cgEa9ErqC,115836,28,0,0.367,0.914,-5.495,0.0787,0.0357,0.656,0.636,0.0975,134.985,4,0,11,1,45,10,9777,2.42068,115.83678,0.466,0.766,0.609,0.46,63,258,516,5,280
2vmDyYI5QoXPiqPhm2qN60,4mFQ0wOM7wRFZIPhPxHSQh,361253,54,0,0.0687,0.021,-27.997,0.0481,0.702,0.8,0.112,0.0816,79.241,4,1,7,2,44,9,6935,2.05497,356.8907,0.06,0.661,0.345,0.063,146,574,1148,21,655
6c51osEfUoFebXeFyde4vX,4mFQ0wOM7wRFZIPhPxHSQh,242000,9,0,0.234,0.376,-20.472,0.0621,0.96,0.895,0.364,0.0367,120.246,4,1,5,4,44,9,6935,0.23805,233.0819,0.176,0.974,0.61,0.446,107,428,856,14,563
4H406h4yMwKU9lizQolCkF,4mFQ0wOM7wRFZIPhPxHSQh,540600,8,0,0.121,0.26,-20.129,0.0446,0.928,0.915,0.175,0.0375,172.263,5,0,0,1,44,9,6935,29.81442,481.26259,0.047,0.599,0.379,0.448,303,1213,2426,32,1447
3mHTp6mwhnOcGkSuxIweum,1c9JirC9UOlJCD2pZzbDnH,393613,7,0,0.183,0.000749,-22.855,0.0501,0.574,0.766,0.114,0.0338,60.309,4,1,5,1,10,6,7083,0.40989,367.55447,0.024,0.347,0.604,0.688,100,400,800,20,378
4E2G6PMMiKx6JY6mLDBK9u,4mFQ0wOM7wRFZIPhPxHSQh,248760,7,0,0.123,0.158,-23.92,0.0457,0.84,0.771,0.179,0.0392,77.591,4,0,9,3,44,9,6935,0.0,243.86757,0.147,0.645,0.274,0.211,89,361,722,17,528
2lGOplgWaVq186iFzuYZjo,4mFQ0wOM7wRFZIPhPxHSQh,237000,6,0,0.327,0.214,-15.605,0.0328,0.636,0.867,0.379,0.0344,91.335,3,1,2,6,44,9,6935,2.93732,227.97932,0.048,1.0,0.798,0.761,119,360,720,8,600
4o2YBKgTOFpqXiM822m0S3,4mFQ0wOM7wRFZIPhPxHSQh,314000,6,0,0.0756,0.00038,-35.574,0.123,0.0121,0.842,0.302,0.0877,83.419,4,0,7,7,44,9,6935,0.0,310.24181,0.041,0.364,0.073,0.01,110,443,886,13,261
0eNDRJIZlLokTGs0u0yoqB,4mFQ0wOM7wRFZIPhPxHSQh,554840,5,0,0.149,0.139,-23.027,0.0555,0.743,0.928,0.702,0.0453,174.907,3,1,5,8,44,9,6935,0.0,551.38685,0.046,0.575,0.155,0.234,542,1626,3252,19,1691
4EelGYgX3G1am9UByIS9PX,4mFQ0wOM7wRFZIPhPxHSQh,1282893,5,0,0.111,0.118,-18.861,0.037,0.785,0.954,0.0525,0.0262,93.422,4,1,4,6,44,6,6310,0.87669,1266.3873,0.172,0.799,0.63,0.661,485,1925,3850,53,2757
78Ccx2asOwJ6kzEAkSyQlz,4mFQ0wOM7wRFZIPhPxHSQh,459520,5,0,0.0559,0.138,-11.34,0.0429,0.845,0.979,0.0874,0.0351,57.985,4,0,9,2,44,5,7665,32.43247,417.95338,0.02,0.178,0.385,0.206,170,681,1362,23,714
0KXBZfg0nBZqYHOsw8d9qQ,4nU1ONcovj3AnmxDPmmNEu,198760,26,0,0.787,0.724,-2.498,0.0523,0.439,0,0.318,0.96,128.958,3,1,0,1,35,13,9489,0.14553,192.02902,0.801,1.0,0.508,0.561,136,416,832,10,883
0umkILJAQklrFHL0XEhNCI,4nU1ONcovj3AnmxDPmmNEu,176693,24,0,0.805,0.699,-3.92,0.066,0.761,1.13e-06,0.213,0.95,115.16,4,1,10,15,35,15,8015,0.23202,172.02503,0.801,0.269,0.65,0.693,85,334,668,8,755
2FOgDP9G74DXxFgXhs07Ol,4nU1ONcovj3AnmxDPmmNEu,192198,22,0,0.487,0.49,-4.744,0.0387,0.525,0.00526,0.22,0.783,180.009,3,1,0,3,35,11,10031,0.0,188.74921,0.264,0.785,0.63,0.597,190,571,1142,11,718
7L6KraRZCoyrSqElCdeKoi,4nU1ONcovj3AnmxDPmmNEu,173306,22,0,0.77,0.719,-3.361,0.117,0.454,1.09e-05,0.0576,0.907,122.46,3,1,5,2,35,13,9489,0.14907,166.2839,0.769,0.009,0.526,0.447,113,343,686,7,747
0TK5xJrBflxViobsz7rwHH,4nU1ONcovj3AnmxDPmmNEu,191077,18,0,0.731,0.749,-4.156,0.0604,0.491,0,0.0791,0.935,116.106,3,1,8,11,35,11,10031,0.12617,186.25306,0.974,0.789,0.358,0.613,120,364,728,11,841
5BodRijDNdfeyHb4cC0680,4nU1ONcovj3AnmxDPmmNEu,171773,21,0,0.85,0.922,-5.05,0.0691,0.425,0.00788,0.227,0.973,109.512,3,1,5,4,35,15,8015,0.0,165.04163,0.417,0.957,0.617,0.771,100,302,604,7,945
4pJdrMq5ddCwSADowRsoVB,4nU1ONcovj3AnmxDPmmNEu,170906,20,1,0.776,0.648,-6.584,0.0487,0.534,4.58e-05,0.157,0.981,140.053,3,1,10,1,35,15,8015,0.0,162.04626,0.699,0.544,0.618,0.814,126,383,766,9,768
52LLQF7OQmy76IiuMuUaMO,4nU1ONcovj3AnmxDPmmNEu,164827,19,0,0.667,0.747,-3.212,0.0953,0.35,0,0.107,0.966,93.01,1,1,10,6,35,11,10031,0.0,160.31057,0.378,0.314,0.581,0.647,62,253,506,6,738
784ePyy3L9XYZ27k5YkVUL,4nU1ONcovj3AnmxDPmmNEu,151946,19,0,0.721,0.806,-6.019,0.175,0.542,6.68e-06,0.113,0.945,170.174,4,0,5,7,35,15,8015,0.22626,144.8693,0.257,1.0,0.538,0.382,103,413,826,9,683
6a3Qy87L1VQjIRACKaFwos,4nU1ONcovj3AnmxDPmmNEu,165426,18,0,0.769,0.734,-6.431,0.0585,0.606,0.000295,0.0375,0.977,159.936,3,1,10,2,35,15,8015,0.40045,157.79701,0.906,1.0,0.674,0.98,141,425,850,10,774
5IpBSdURmzZlN0cVwlX95n,1Zz6NBe8UIZjm88TvehFtx,201578,59,0,0.788,0.824,-4.85,0.0761,0.00507,0.00752,0.183,0.7,111.988,4,0,11,1,62,1,10099,0.24399,194.4381,1.0,1.0,0.475,0.457,93,373,746,9,892
2o66LIlkxxaHTkibFxFMkt,1Zz6NBe8UIZjm88TvehFtx,194628,58,0,0.709,0.764,-6.221,0.0601,0.0119,0.00111,0.355,0.144,120.093,4,1,7,1,62,1,9859,0.0,191.11184,0.489,1.0,0.542,0.534,95,383,766,8,847
4L0HMiE70JyFSfOsnoHGbj,1Zz6NBe8UIZjm88TvehFtx,214346,56,0,0.735,0.759,-6.914,0.0449,0.0242,0.185,0.0966,0.77,109.982,4,0,1,1,62,4,8603,2.35683,211.3132,0.885,1.0,0.185,0.0,96,386,772,8,1107
7JB5lpHEEoJWebRFtaUyst,1Zz6NBe8UIZjm88TvehFtx,204020,55,0,0.729,0.613,-6.933,0.0989,0.0285,0.000104,0.0737,0.588,111.94,4,1,6,1,62,1,9797,0.0,197.67728,0.851,1.0,0.548,0.438,94,377,754,8,944
6IMPbtloEuzdU5k1RA8EdM,1Zz6NBe8UIZjm88TvehFtx,233786,52,0,0.726,0.699,-7.356,0.0822,0.00267,0,0.146,0.681,112.007,4,1,6,1,62,1,9618,0.0,231.4449,0.785,1.0,0.613,0.576,108,434,868,9,1128
35Z3y7yRsLAzX91hO2C2sC,1Zz6NBe8UIZjm88TvehFtx,172800,50,0,0.667,0.902,-3.824,0.0364,0.129,0,0.065,0.885,117.969,4,1,7,1,62,1,9955,0.06163,169.73787,0.856,1.0,0.647,0.792,83,335,670,6,890
6yEizPbl4BiVkzVGKFeDtL,1Zz6NBe8UIZjm88TvehFtx,205026,41,0,0.772,0.769,-6.387,0.137,0.0173,0.000631,0.05,0.636,114.984,4,1,11,1,62,7,9231,0.0,200.89905,0.804,1.0,0.495,0.407,98,391,782,11,1048
1Jug3DyWdd5di3nkphey7t,1Zz6NBe8UIZjm88TvehFtx,279080,24,0,0.805,0.584,-7.218,0.0369,0.0151,0.000379,0.186,0.708,117.964,4,0,9,7,62,7,9231,0.35401,273.18857,0.963,1.0,0.718,0.863,136,544,1088,14,1247
43nCsZO5kXQQViaxi6Fw19,5WUlDfRSoLAfcVSX1WnrxN,219333,41,0,0.753,0.862,-4.576,0.0927,0.00162,0.191,0.329,0.534,119.992,4,0,6,2,94,7,9618,0.27873,211.26676,0.798,1.0,0.579,0.315,107,425,850,7,1140
2sbbgdB0PSErLG8SQFhLvj,1Zz6NBe8UIZjm88TvehFtx,393213,40,0,0.696,0.812,-6.342,0.0698,0.0935,0.595,0.0915,0.383,122.006,4,1,9,1,62,1,8603,0.0,378.03247,0.376,1.0,0.571,0.585,198,787,1574,14,1554
6XQHlsNu6so4PdglFkJQRJ,6kXm2YCtdUOpRYNKeKhfue,149706,64,0,0.474,0.121,-15.127,0.0384,0.906,1.16e-06,0.0885,0.424,97.219,4,0,2,9,68,15,9859,0.42558,134.02558,0.178,0.775,0.625,0.535,58,236,472,6,425
5BMwpS4iYKR30kq9U9beaT,6kXm2YCtdUOpRYNKeKhfue,111240,61,0,0.588,0.0889,-19.571,0.0516,0.947,0.0326,0.0935,0.195,98.15,4,0,6,6,68,15,9859,0.38308,111.24,0.246,1.0,0.466,0.26,40,166,332,5,270
4r9hiElqKWMPT4Z3vN2exq,6kXm2YCtdUOpRYNKeKhfue,236506,61,0,0.36,0.481,-8.627,0.047,0.294,0.00478,0.131,0.449,135.513,4,1,7,4,68,15,9859,0.19746,228.97197,0.027,0.469,0.76,0.714,150,602,1204,8,764
5GUZfJ58XYGTMrnciBF0Xr,6kXm2YCtdUOpRYNKeKhfue,206709,35,0,0.596,0.393,-9.412,0.0345,0.489,6.87e-05,0.0941,0.205,112.087,4,0,2,1,68,1,9939,0.0,192.83011,0.35,0.944,0.546,0.504,93,374,748,9,603
1QS2ZPuhWbOM1RJNssupcv,6kXm2YCtdUOpRYNKeKhfue,239813,38,0,0.325,0.498,-8.836,0.0445,0.316,0.00118,0.142,0.497,80.77,4,1,7,12,68,44,9939,0.0,222.52263,0.037,0.63,0.696,0.661,76,306,612,6,784
3kVIFDE3G89I2RPVkiRaRj,7urq0VfqxEYEEiZUkebXT4,252266,61,0,0.685,0.38,-11.219,0.112,0.373,0,0.0371,0.87,175.562,4,1,8,5,72,19,2457,0.0,234.8234,0.485,0.41,0.641,0.737,182,732,1464,11,897
6zOg9gP62RJSsKFeOBAgvH,7urq0VfqxEYEEiZUkebXT4,289413,60,0,0.764,0.525,-5.969,0.048,0.0296,0,0.0993,0.787,95.813,4,1,8,12,72,19,2457,0.0,275.319,0.914,0.993,0.42,0.298,115,460,920,11,1260
2SLZ2rX5773RS16mcqBxG7,7urq0VfqxEYEEiZUkebXT4,193093,60,0,0.677,0.52,-6.255,0.334,0.00277,0,0.0532,0.768,203.862,4,0,4,4,72,16,4015,0.3283,171.36907,0.261,1.0,0.307,0.143,164,655,1310,10,838
6uRH1qMz30ZBwwUG0IYE5s,7urq0VfqxEYEEiZUkebXT4,231800,58,0,0.912,0.511,-6.365,0.203,0.0259,0,0.0442,0.611,101.628,4,1,9,2,72,16,4015,0.0,212.03882,0.303,1.0,0.047,0.041,97,392,784,10,1106
6iajHa34cSiD5s42Cq9miJ,7urq0VfqxEYEEiZUkebXT4,225946,57,0,0.706,0.537,-6.347,0.348,0.00887,0,0.129,0.775,203.746,4,1,7,2,72,12,5779,0.09864,208.80544,0.381,1.0,0.0,0.0,193,766,1531,11,979
7jg3Irt0hqnss3HvaPP2D2,7urq0VfqxEYEEiZUkebXT4,260426,57,0,0.778,0.644,-7.6,0.0532,0.145,0,0.112,0.846,96.025,4,1,8,19,72,19,2457,2.51937,236.09469,0.981,1.0,0.318,0.424,104,413,826,11,1207
0Zze3tFRSNwL6KllmYjLgZ,7urq0VfqxEYEEiZUkebXT4,244133,55,0,0.589,0.477,-9.025,0.29,0.114,0,0.188,0.841,125.867,4,1,10,7,72,19,2920,0.2078,235.04399,0.289,1.0,0.217,0.11,144,577,1154,11,996
0ahRDzkKq0KEi7FRoHb0qk,7urq0VfqxEYEEiZUkebXT4,198880,49,1,0.677,0.525,-9.404,0.0483,0.224,0,0.172,0.924,87.042,4,0,7,4,72,17,5506,0.21288,185.96281,0.111,0.908,0.544,0.064,72,286,572,9,872
41LPm8IdY6jUpgRZVF8bbN,7urq0VfqxEYEEiZUkebXT4,243633,42,0,0.405,0.491,-6.888,0.0528,0.218,0,0.093,0.226,134.857,4,1,1,4,72,15,10182,0.08109,233.27927,0.221,0.936,0.693,0.64,125,504,1008,13,874
769geiA8btidGHda4BBDOJ,7urq0VfqxEYEEiZUkebXT4,264933,49,0,0.66,0.71,-4.541,0.0409,0.0106,7.01e-06,0.0736,0.233,97.988,4,1,1,3,72,16,4015,0.1102,235.17751,0.559,0.988,0.419,0.429,106,430,860,9,1134
4evZUjbXPrzooKfpEBYWnw,5wpEBloInversG3zp3CVAk,189200,47,0,0.544,0.785,-5.778,0.0658,0.0322,0,0.0858,0.515,102.06,4,1,7,1,65,11,10161,0.54571,170.52154,0.47,1.0,0.53,0.445,80,316,632,7,721
04ZzbJOLBEhaf8PVQuH96u,5wpEBloInversG3zp3CVAk,211600,56,0,0.491,0.885,-3.197,0.0381,0.012,0,0.0947,0.202,91.033,4,1,0,5,65,11,9188,2.83283,201.27057,0.202,1.0,0.699,0.631,78,314,628,9,673
1xBIgVOzLS8zbi4vcFSqMK,5wpEBloInversG3zp3CVAk,483560,54,0,0.224,0.493,-7.499,0.0318,0.528,0,0.0782,0.0739,142.918,3,1,9,8,65,11,7560,3.83129,455.87737,0.199,0.985,0.703,0.686,367,1100,2200,21,1232
7AlFRA7zpc30NM8LO3ZcE4,5wpEBloInversG3zp3CVAk,277280,53,0,0.419,0.69,-4.396,0.0353,0.0151,0,0.093,0.345,171.933,4,1,7,9,65,11,9188,0.17946,256.41215,0.279,0.799,0.537,0.451,196,784,1568,11,799
3oQdYW98bDqwzdlIqDeHvh,5wpEBloInversG3zp3CVAk,188640,43,0,0.538,0.605,-5.95,0.0241,0.345,0,0.136,0.511,80.979,4,1,8,3,65,11,10161,0.13361,180.73832,0.156,1.0,1.0,0.775,64,252,504,9,573
2B503tiZmBFv9b8VomUHFK,5wpEBloInversG3zp3CVAk,279440,52,0,0.344,0.667,-5.705,0.0385,0.109,0,0.103,0.208,77.291,4,1,6,4,65,12,6924,3.00698,267.0585,0.001,0.766,0.605,0.556,89,356,712,7,839
6NXaZTK2rnbA91jOEc3t1h,5wpEBloInversG3zp3CVAk,239786,36,0,0.434,0.629,-4.764,0.0266,0.137,0,0.067,0.272,153.381,3,1,10,3,65,12,4662,0.13342,227.93868,0.326,0.995,0.684,0.714,200,604,1208,9,647
037VR14rwRPwnqfgENBok3,5wpEBloInversG3zp3CVAk,196426,39,0,0.495,0.625,-5.567,0.0309,0.13,0,0.0996,0.144,74.996,4,1,9,6,65,11,10161,0.17465,187.99456,0.332,0.992,0.592,0.535,61,242,484,8,591
1sglby2dgYxUyca0wcBRhw,5wpEBloInversG3zp3CVAk,208480,46,0,0.409,0.886,-4.531,0.0506,0.00161,0.000158,0.326,0.365,172.005,4,0,1,3,65,11,9188,0.1742,198.15909,0.35,0.888,0.99,0.197,146,587,1174,10,657
2kpuwCjngQxWoh95uWsXdR,5wpEBloInversG3zp3CVAk,237026,45,0,0.497,0.807,-4.836,0.0333,0.129,0,0.116,0.475,80.018,4,0,11,3,65,11,7560,0.0,227.1434,0.183,0.448,0.619,0.698,77,309,618,9,681
37OANHO1XQJe3wt04CAIco,6hk7Yq1DU9QcCCrz9uc0Ti,224946,59,0,0.619,0.643,-7.732,0.045,0.0318,0.00514,0.103,0.272,151.484,3,1,1,1,71,1,10154,2.93732,200.33596,0.364,0.993,0.538,0.564,185,557,1114,11,861
1yjlYqm9a7hRFWr8URAa2l,6hk7Yq1DU9QcCCrz9uc0Ti,205520,57,0,0.62,0.762,-6.854,0.0507,0.11,0.0626,0.188,0.304,150.039,4,1,9,1,71,1,10195,0.2902,199.27365,0.448,1.0,0.129,0.354,125,506,1012,12,914
6cdslY3YKjh7pImxFhSBVG,6hk7Yq1DU9QcCCrz9uc0Ti,241506,48,0,0.763,0.666,-6.34,0.0537,0.0791,2.98e-06,0.0733,0.449,93.994,4,1,0,1,71,16,7665,0.0,237.08154,0.258,1.0,0.457,0.301,94,374,748,10,874
0gulDmyHbop8iO3mrTVVeu,04fmPLmzpRLUoTCmxWN0lj,190256,44,0,0.61,0.486,-8.621,0.0667,0.608,1.24e-05,0.437,0.465,90.028,4,0,7,1,43,1,10003,5.02712,185.92218,0.243,1.0,0.416,0.312,70,284,568,10,701
6mEDMe0zG5pYrsRxizjauk,6hk7Yq1DU9QcCCrz9uc0Ti,242586,43,0,0.654,0.922,-3.663,0.0498,0.156,0,0.128,0.669,127.047,4,1,1,3,71,16,7665,2.50195,231.73515,0.731,1.0,0.575,0.577,124,495,990,8,809
6Mzb2fivRRHEIwrs3rjS3o,6hk7Yq1DU9QcCCrz9uc0Ti,196280,42,0,0.782,0.569,-5.915,0.205,0.177,3.02e-05,0.418,0.873,89.987,4,1,11,1,71,1,9790,0.32658,190.2585,0.631,1.0,0.577,0.605,74,292,584,6,762
6SxKstFWZudYfP1VrMqM2w,6hk7Yq1DU9QcCCrz9uc0Ti,280733,42,0,0.663,0.748,-7.871,0.0799,0.0431,9.33e-05,0.34,0.388,151.956,4,0,2,4,71,12,9015,0.0,277.08372,0.369,0.858,0.454,0.5,178,705,1410,14,1136
3tEM1M82DjtsCYv4cjha32,6hk7Yq1DU9QcCCrz9uc0Ti,268447,40,0,0.618,0.587,-7.826,0.0426,0.21,0.0332,0.183,0.421,157.519,3,1,8,1,71,1,10202,0.17433,264.65524,0.673,0.875,0.183,0.0,232,696,1392,13,1039
7vWbM1oPbGsmOLkaThJRQk,6hk7Yq1DU9QcCCrz9uc0Ti,216453,39,0,0.706,0.664,-6.332,0.0992,0.00556,2.1e-06,0.622,0.555,77.485,4,1,7,2,71,12,9015,0.0,208.33524,0.001,1.0,0.589,0.594,69,279,558,10,825
4SvPlJjZKXYO3ixXd0Sqlf,6hk7Yq1DU9QcCCrz9uc0Ti,321093,38,0,0.255,0.202,-13.423,0.0352,0.887,3.61e-06,0.0911,0.188,75.3,4,0,9,9,71,12,9015,0.0,293.20998,0.229,0.714,0.595,0.523,114,454,908,13,841
3VK8copXwqvAueMPhnBe6K,4jogXSSvlyMkODGSZ2wc2P,234360,70,0,0.769,0.45,-4.194,0.0309,0.56,0,0.133,0.573,129.866,3,1,0,2,78,14,9783,2.40327,228.21732,0.599,0.879,0.613,0.621,168,506,1012,10,715
0ehx1p1HMn7NMKisZaO9oL,4jogXSSvlyMkODGSZ2wc2P,261973,61,0,0.777,0.607,-4.347,0.039,0.475,0,0.0812,0.751,97.647,3,1,3,11,78,12,10168,0.0,253.98567,0.464,0.966,0.752,0.661,138,420,840,14,1033
32nbIrhBqKTuZr4hFnlDbU,4jogXSSvlyMkODGSZ2wc2P,126880,57,0,0.86,0.874,-2.165,0.0644,0.365,0,0.0761,0.953,120.016,3,1,10,1,78,12,10168,0.0,119.54213,0.812,0.636,0.426,0.27,79,241,482,7,522
49ItgqFP5shdUdK9ggonW0,4jogXSSvlyMkODGSZ2wc2P,214293,65,0,0.481,0.555,-5.001,0.0616,0.545,0,0.375,0.748,172.507,3,1,5,1,78,1,9182,0.64431,208.72998,0.36,0.958,0.507,0.453,203,609,1218,10,753
7kyK2NSDfRE1612vdYuqIx,4jogXSSvlyMkODGSZ2wc2P,201600,64,0,0.785,0.651,-5.54,0.0447,0.476,0,0.256,0.936,105.024,3,1,1,4,78,14,8426,0.27365,195.3785,0.78,0.842,0.357,0.128,117,353,705,11,892
6CmFzaTvg7lRSAWwHmBDfj,4jogXSSvlyMkODGSZ2wc2P,193386,61,0,0.711,0.6,-4.485,0.0384,0.524,0,0.132,0.82,138.194,3,1,10,6,78,14,9783,0.34349,186.01506,0.798,1.0,0.583,0.492,148,444,888,9,716
3QpHelCLu920q9XUrIv3yv,4jogXSSvlyMkODGSZ2wc2P,178226,61,0,0.73,0.584,-3.966,0.0291,0.308,0,0.372,0.722,142.167,3,1,0,7,78,12,10168,2.0898,171.04399,0.971,0.911,0.367,0.146,137,415,830,5,611
3imJHohXBxDGovFRQ75dUt,4jogXSSvlyMkODGSZ2wc2P,210440,52,0,0.64,0.741,-5.321,0.0319,0.713,0.000236,0.306,0.596,136.947,4,1,7,10,78,12,8791,0.13342,204.24853,0.334,1.0,0.739,0.655,119,479,958,16,750
2EGqa4yp5xGfu3sppG0oFy,4jogXSSvlyMkODGSZ2wc2P,213173,60,0,0.693,0.575,-4.12,0.0463,0.147,0,0.16,0.858,144.149,3,1,3,2,78,14,9461,0.26662,206.71565,0.183,1.0,0.644,0.523,169,509,1018,11,838
46JHnnxXZKMP8cncMqn04q,4jogXSSvlyMkODGSZ2wc2P,212760,58,0,0.599,0.561,-6.166,0.0276,0.208,0,0.442,0.31,120.062,4,0,5,1,78,1,9797,3.12308,206.93624,0.475,1.0,0.533,0.435,104,416,832,10,650
6CES1554HcWMIVroJfmmBm,1btWGBz4Uu1HozTwb2Lm8A,245456,62,0,0.542,0.906,-4.213,0.0491,0.021,0.00043,0.377,0.515,120.014,4,1,9,2,69,13,9939,0.0,236.1005,0.657,1.0,0.498,0.444,120,483,966,13,846
6iCJCZqDJjmBxt07Oid6FI,1btWGBz4Uu1HozTwb2Lm8A,226610,60,0,0.623,0.763,-4.412,0.0719,0.199,6.52e-06,0.126,0.199,108.871,4,1,9,13,69,13,9939,0.0,210.94748,0.42,1.0,0.288,0.03,100,397,794,8,706
0scQIzgcOhnmfqfOTpRUFH,1btWGBz4Uu1HozTwb2Lm8A,212885,59,0,0.443,0.719,-5.555,0.033,0.0225,0,0.227,0.559,155.895,4,1,5,4,69,6,9209,0.0,209.11311,0.133,0.994,0.0,0.497,135,545,1090,9,651
64TjzuxG5PJ7payjphrOC0,1btWGBz4Uu1HozTwb2Lm8A,231468,58,0,0.532,0.548,-6.521,0.0291,0.174,0.0033,0.108,0.443,130.114,4,1,1,1,69,1,9368,0.0,220.30512,0.701,0.963,0.257,0.408,122,494,988,13,734
5lO1htX1UPjwyItDLurhR5,1btWGBz4Uu1HozTwb2Lm8A,198106,56,0,0.602,0.915,-3.62,0.0541,0.0034,0,0.0967,0.581,111.512,4,1,9,1,69,3,10137,0.0,193.36998,0.816,1.0,0.507,0.399,89,361,722,9,772
3QJUvByLFesgWYAgnL8JbA,1btWGBz4Uu1HozTwb2Lm8A,222820,53,0,0.29,0.308,-11.074,0.0442,0.938,0.0294,0.106,0.205,84.88,1,1,5,9,69,13,9939,2.50776,215.87592,0.343,0.936,0.719,0.637,77,316,632,6,791
448V07W0zPY7ep7Dtc9Ukm,1btWGBz4Uu1HozTwb2Lm8A,159056,53,0,0.672,0.788,-5.5,0.0417,0.482,0,0.084,0.661,105.991,4,1,0,3,69,13,9939,2.13043,151.13868,0.84,0.787,0.638,0.655,68,279,558,8,633
0WSPIU3Y3bNXsGeKnzSnt1,1btWGBz4Uu1HozTwb2Lm8A,358870,52,0,0.445,0.446,-8.87,0.0286,0.324,0.119,0.106,0.0384,92.463,4,1,9,3,69,3,10137,0.0,331.73769,0.544,0.909,0.296,0.099,136,546,1092,9,1183
3aVWHs31RqqKpuZcPvdKeq,1btWGBz4Uu1HozTwb2Lm8A,255735,52,0,0.565,0.527,-6.797,0.0397,0.866,0.000104,0.092,0.183,93.98,4,1,9,4,69,13,9939,0.0,248.11683,0.554,0.983,0.696,0.694,96,386,772,10,790
7GwXIkPT4jxQ2q6mhOmoHM,1btWGBz4Uu1HozTwb2Lm8A,207133,52,0,0.598,0.784,-4.376,0.0337,0.514,0,0.123,0.597,105.009,4,1,8,5,69,13,9939,0.0,198.21134,0.308,0.983,0.399,0.31,89,359,718,9,654
2K06amHdw8ZPWI75Xvo9Ij,20gsENnposVs2I4rQ5kvrf,180401,72,0,0.757,0.565,-5.895,0.0324,0.174,0,0.105,0.682,119.959,4,1,11,1,79,1,9797,0.0,171.17751,0.862,1.0,0.54,0.455,88,354,708,8,651
4tVybkClyH0hjL8jzMq3sH,2WX2uTcsvV5OnS0inACecP,177023,69,0,0.504,0.729,-5.624,0.103,0.0808,0,0.0948,0.535,109.71,4,1,8,1,80,1,9673,3.63973,170.53315,0.765,1.0,0.577,0.565,79,319,638,9,725
1oLxfF4dmgoKunk9LCQBCX,20gsENnposVs2I4rQ5kvrf,170857,31,0,0.69,0.713,-3.246,0.0329,0.0314,0,0.337,0.388,105.06,4,0,4,2,79,24,10209,0.23206,163.34077,0.632,1.0,0.442,0.407,72,291,582,9,581
4bAmAVdks2Y84VNVVLXFwN,20gsENnposVs2I4rQ5kvrf,180336,65,0,0.596,0.666,-5.825,0.0943,0.287,0.000454,0.0733,0.708,117.057,4,1,0,3,79,3,9359,2.04916,174.24834,0.452,0.874,0.543,0.481,86,348,696,7,754
3PmAQYQZ1ow47InQjZjIH4,20gsENnposVs2I4rQ5kvrf,186816,68,0,0.663,0.855,-6.017,0.0399,0.00225,8.21e-05,0.0943,0.367,121.958,4,0,5,1,79,1,9939,0.0,179.38576,0.723,1.0,0.58,0.495,91,367,734,10,755
1nRA1PmMNZMv4BMV4Je8uK,3Isy6kedDrgPYoTS1dazA9,172539,57,0,0.804,0.843,-3.701,0.154,0.0937,0,0.17,0.486,115.054,4,1,0,1,87,2,9912,2.54259,166.49868,0.828,1.0,0.551,0.438,78,319,638,9,835
1aajQbw23khpQMme1AeKI6,20gsENnposVs2I4rQ5kvrf,180250,32,0,0.748,0.742,-5.581,0.0284,0.0273,1.22e-06,0.206,0.754,119.966,4,0,5,8,79,24,10209,0.0,173.60399,0.716,0.934,0.751,0.357,89,357,714,11,652
2FfyiTnl5OPa1hYdCWZGdG,20gsENnposVs2I4rQ5kvrf,191265,63,0,0.712,0.634,-5.158,0.035,0.0262,9.1e-06,0.0918,0.277,125.988,4,1,9,1,79,1,9873,0.0,182.56109,0.48,1.0,0.453,0.289,100,401,802,9,717
4mPOYg53faLL6brBcoZ5T8,20gsENnposVs2I4rQ5kvrf,163526,62,0,0.779,0.695,-6.064,0.031,0.425,0.000769,0.107,0.392,120.004,4,0,1,1,79,6,9584,0.0,156.9727,0.858,1.0,0.572,0.317,81,320,640,7,583
2UsnjLHBKPaaRjZiWYUCpj,20gsENnposVs2I4rQ5kvrf,181855,54,0,0.581,0.617,-4.973,0.0346,0.566,2.07e-06,0.0679,0.196,114.887,4,1,0,1,79,1,9324,0.0,173.06413,0.437,0.877,0.607,0.55,86,345,690,11,692
2sNShJqmKtc6ogoXhyrxL9,7xKtg8mN9eQ8jBiLRnbq8U,180998,37,0,0.773,0.931,-6.04,0.113,0.399,4.37e-06,0.273,0.548,130.058,4,1,0,1,31,1,9790,0.0,176.36717,0.723,1.0,0.314,0.589,97,389,778,9,816
6XNtxEMKqYiWceYk207XmT,7xKtg8mN9eQ8jBiLRnbq8U,216841,14,0,0.723,0.679,-6.434,0.0514,0.0245,4.6e-06,0.107,0.473,127.974,4,1,0,4,31,11,8030,0.32122,209.60653,0.717,1.0,0.659,0.664,113,456,912,12,743
2c5R1aDeZIR8Ev6GXPz2vP,7xKtg8mN9eQ8jBiLRnbq8U,232880,12,0,0.715,0.878,-4.691,0.0801,0.0753,0.0119,0.0648,0.796,125.001,4,1,3,1,31,10,8964,0.4644,229.86594,0.744,1.0,0.593,0.677,119,479,958,9,874
6iC63pyE9bA6E8HyrTjknq,7xKtg8mN9eQ8jBiLRnbq8U,179400,10,0,0.484,0.524,-8.676,0.0309,0.016,0.0466,0.07,0.182,97.972,4,1,0,8,31,10,8964,0.11283,175.21197,0.181,0.917,0.652,0.748,71,289,578,6,511
0sy261dhkcCTb15IXiB1vW,7xKtg8mN9eQ8jBiLRnbq8U,203043,9,0,0.399,0.552,-6.592,0.0418,0.0544,2.5e-06,0.722,0.355,99.279,4,1,5,10,31,10,8964,0.10639,190.53714,0.459,0.985,0.395,0.469,83,330,660,10,619
5R4Pf7A9LjlSn1aFpsRlY3,7xKtg8mN9eQ8jBiLRnbq8U,158973,4,0,0.842,0.724,-7.329,0.0523,0.173,0.00292,0.392,0.789,115.04,4,0,9,5,31,10,8964,0.11039,158.97333,0.743,1.0,0.392,0.302,75,303,606,7,568
4hnGedDAwMIhv0ORh8r2cn,7xKtg8mN9eQ8jBiLRnbq8U,192000,4,0,0.723,0.732,-4.83,0.0362,0.00484,0.000196,0.131,0.456,99.98,4,1,11,3,31,6,9831,0.0,181.2956,0.368,1.0,0.687,0.801,77,311,622,12,731
0ktny2r4tfFbIXjm9XJ5kX,7xKtg8mN9eQ8jBiLRnbq8U,280253,4,0,0.69,0.584,-10.104,0.0354,0.47,0.00994,0.14,0.227,123.989,4,1,2,7,31,10,8964,0.12227,265.97878,0.576,1.0,0.506,0.36,143,574,1148,9,1039
72tPbWZUldQ3uLh9vGcxuS,7xKtg8mN9eQ8jBiLRnbq8U,218775,3,0,0.832,0.588,-8.49,0.0768,0.0648,0.006,0.644,0.835,128.016,4,1,9,5,31,6,9831,0.0,213.23465,0.907,1.0,0.429,0.471,115,463,926,9,955
01CzSibdo33qfMbmllB4Ys,7xKtg8mN9eQ8jBiLRnbq8U,195346,2,0,0.677,0.539,-7.013,0.0334,0.238,0,0.0602,0.56,137.96,4,1,7,2,31,10,8964,0.12254,189.29488,0.783,1.0,0.663,0.823,111,444,888,10,647
4WCgIZ1n7I6yRaAQ9GjS07,2JFljHPanIjYy2QqfNYvC0,171080,55,0,0.812,0.567,-7.119,0.083,0.539,0,0.11,0.616,124.945,4,0,1,6,61,12,10051,0.17973,168.36209,0.709,0.989,0.437,0.153,88,352,704,8,600
1uMrc6mtKxqd5wLVzasmYA,2JFljHPanIjYy2QqfNYvC0,188611,52,0,0.592,0.696,-6.617,0.0264,0.00567,0.00332,0.0825,0.263,132.002,4,1,7,5,61,12,9238,0.21664,172.65778,0.431,1.0,0.337,0.082,98,392,784,9,560
7AFfA04SMcIUslPS9LPBJ9,2JFljHPanIjYy2QqfNYvC0,185341,50,0,0.311,0.833,-7.969,0.104,0.00995,0.833,0.0794,0.333,174.917,4,1,2,1,61,12,10051,2.05497,185.3419,0.194,0.393,0.45,0.208,136,543,1086,5,670
2D9MxsIudcEZWTCgJyLcnc,2JFljHPanIjYy2QqfNYvC0,206253,50,0,0.54,0.86,-6.986,0.0643,0.00453,0.826,0.329,0.57,173.849,4,1,9,2,61,12,10051,0.16195,197.45088,0.128,1.0,0.133,0.0,148,590,1180,9,709
0mnyjCNu9XUi5dv0JD3UqM,2JFljHPanIjYy2QqfNYvC0,172437,49,0,0.432,0.664,-7.281,0.0363,0.00296,0.758,0.117,0.277,196.083,4,0,9,4,61,8,8586,0.17401,164.15927,0.049,0.927,0.083,0.0,137,550,1100,7,601
2ZtixXKNeEMfQqT4iYGqjp,2JFljHPanIjYy2QqfNYvC0,228015,47,0,0.411,0.629,-8.126,0.0478,0.0191,0.777,0.384,0.406,110.047,1,1,6,4,61,12,10051,3.41914,216.76408,0.214,0.881,0.587,0.759,105,416,832,7,779
2FYNX8DuCpb6xNL4B0vtve,2JFljHPanIjYy2QqfNYvC0,215620,47,0,0.426,0.917,-4.674,0.0826,0.00816,0.658,0.114,0.556,116.051,4,1,7,10,61,12,9238,0.21587,204.55619,0.473,0.971,0.546,0.536,112,443,886,8,791
6aFkUMbRNLFPnaU6hAtOcS,2JFljHPanIjYy2QqfNYvC0,208777,47,0,0.673,0.849,-7.661,0.137,0.319,0.186,0.126,0.464,139.927,4,1,6,3,61,12,10051,0.0,204.57361,0.381,0.977,0.769,0.624,121,481,962,11,861
3jObpACelihU51vk17xdTm,2JFljHPanIjYy2QqfNYvC0,230406,47,0,0.51,0.787,-6.126,0.0312,0.00188,0.676,0.359,0.211,159.858,4,0,6,2,61,12,9238,0.0,214.5756,0.046,0.875,0.249,0.102,153,610,1220,10,813
5Yh1O8dfEGPfFavLSDnceP,2JFljHPanIjYy2QqfNYvC0,220703,46,0,0.613,0.544,-7.229,0.0789,0.37,0.453,0.0929,0.419,111.236,4,0,5,7,61,12,10051,0.0,210.65723,0.162,0.415,0.23,0.032,121,489,978,9,649
6WoyghnMAvDDRbZfFbpwEo,2TM0qnbJH4QPhGMCdPt7fH,218054,64,0,0.594,0.959,-4.697,0.0486,0.00359,1.34e-05,0.101,0.381,110.979,4,1,7,5,72,11,10113,0.23986,213.39138,0.905,1.0,0.727,0.619,101,394,788,8,807
38hoUe0bZq5OYdixN0Ozki,2TM0qnbJH4QPhGMCdPt7fH,218954,61,0,0.542,0.439,-7.728,0.0272,0.626,0,0.109,0.466,144.945,4,1,2,9,72,12,9379,0.0,211.26676,0.612,0.917,0.695,0.749,128,516,1032,11,697
2zb0TZbEprJhFjrbW74cWt,2TM0qnbJH4QPhGMCdPt7fH,205125,61,0,0.578,0.983,-3.008,0.0824,0.000372,0.00221,0.322,0.397,105.013,4,1,7,1,72,11,10113,0.59193,199.74385,0.747,0.583,0.491,0.356,88,352,704,5,782
41dBaqp4zM57WTfZ72NAf5,2TM0qnbJH4QPhGMCdPt7fH,248253,60,0,0.528,0.496,-6.318,0.0267,0.428,0,0.0898,0.538,159.965,3,1,10,8,72,11,10113,0.17438,238.25415,0.506,0.922,0.689,0.82,213,642,1284,12,703
4IMVgt2FWmFiZK8SLZfTDA,2TM0qnbJH4QPhGMCdPt7fH,213010,59,0,0.529,0.975,-3.484,0.0817,0.00021,0,0.321,0.63,93.931,4,1,6,2,72,11,10113,0.19737,195.45397,0.104,0.963,0.597,0.615,79,321,642,5,784
1YHulXIy2DNnYOg1okzeex,2TM0qnbJH4QPhGMCdPt7fH,220695,58,0,0.572,0.935,-3.991,0.0434,0.000335,3.8e-06,0.209,0.655,112.034,4,1,11,4,72,11,10113,0.23138,212.45098,0.932,0.789,0.625,0.744,100,404,808,10,775
0qOyIp7uxZedcUIVp6BWmT,2TM0qnbJH4QPhGMCdPt7fH,196849,57,0,0.393,0.988,-3.166,0.164,0.000119,0,0.3,0.333,199.904,4,0,1,6,72,11,10113,0.18059,191.79102,0.186,1.0,0.302,0.155,159,639,1278,7,682
6wT9p6z1LtoQ3lqPPeVR0K,2TM0qnbJH4QPhGMCdPt7fH,218252,57,0,0.477,0.955,-3.131,0.124,0.00158,1.46e-05,0.184,0.453,169.83,4,1,1,11,72,11,10113,0.19723,211.27256,0.463,1.0,0.523,0.442,149,600,1200,10,685
6mgexmUT7AbuOPumrScmsQ,2TM0qnbJH4QPhGMCdPt7fH,237811,57,0,0.539,0.758,-4.556,0.0365,0.0216,0,0.0749,0.707,81.499,4,1,8,10,72,11,10113,0.16816,234.75374,0.046,0.81,0.624,0.455,80,320,640,8,809
2V8dD7KmbfSFm2GrYDXveo,2TM0qnbJH4QPhGMCdPt7fH,207406,56,0,0.439,0.934,-2.142,0.0789,0.0014,0.0167,0.175,0.656,175.977,4,1,1,3,72,11,10113,0.12204,201.86848,0.326,1.0,0.715,0.746,149,594,1188,7,699
2sjtI4bZlFGnZWjezMwSfM,1FZjz1inMOV25Hbl4scRTN,399226,38,0,0.152,0.243,-17.294,0.0373,0.932,0.919,0.113,0.0357,136.814,4,1,1,3,55,21,6251,0.0,392.64363,0.026,0.532,0.649,0.811,193,774,1548,20,1154
7LnYhxJ2LgVVQBPG5AtCVT,1FZjz1inMOV25Hbl4scRTN,255573,28,0,0.19,0.56,-14.872,0.0808,0.628,0.867,0.111,0.0635,118.744,4,0,5,14,55,21,6251,0.0,253.39937,0.037,0.561,0.258,0.312,125,499,998,15,647
35QAUfIbfIXT3p3cWhaKxZ,3oK9o2DLbk1VEda7KOMotd,261773,63,0,0.786,0.686,-7.18,0.0289,0.276,0.668,0.0416,0.542,119.997,4,1,4,1,54,1,9732,4.02866,238.8927,0.962,1.0,0.308,0.104,127,512,1024,4,936
5X3wcG8FIXsv7qxlqFbHOl,3oK9o2DLbk1VEda7KOMotd,267859,40,0,0.611,0.621,-5.634,0.0272,0.249,0.0066,0.14,0.225,90.019,4,1,6,1,54,1,9809,0.0,253.17297,0.446,0.861,0.21,0.0,99,401,802,8,1013
3x01TSfbNtLcPrjZ1SCKrF,3oK9o2DLbk1VEda7KOMotd,302654,37,0,0.726,0.64,-7.815,0.0269,0.0129,0.65,0.0757,0.572,116.009,4,0,5,1,54,5,9939,2.42068,294.04009,0.838,0.991,0.459,0.241,142,567,1134,12,1076
7l2PTHYWCDiE6kNrfxUgwP,3oK9o2DLbk1VEda7KOMotd,259892,35,1,0.838,0.63,-7.282,0.0278,0.0442,0.45,0.151,0.623,120.009,4,0,4,3,54,5,9939,0.0,253.37034,0.889,1.0,0.478,0.32,127,511,1022,12,912
4pMvopFTMFlckNEaaji6cr,3oK9o2DLbk1VEda7KOMotd,276140,34,0,0.719,0.662,-5.03,0.0247,0.0929,0.198,0.142,0.669,116.002,4,1,5,4,54,5,9939,0.0,263.5639,0.908,1.0,0.461,0.553,131,530,1060,11,1101
2OJhTKIt9fZNCB21xuiXFT,1UkK91RiLw3FonVedbAVA1,234238,29,0,0.648,0.892,-6.441,0.0645,0.00278,0.229,0.0942,0.136,125.016,4,0,4,16,48,30,9955,0.0,226.15655,0.696,0.926,0.0,0.0,120,485,970,11,1081
3jGKjaWOk5II6fau3KNajo,5T8x61HRsjZo0CwH1rs6Kf,275578,36,0,0.481,0.816,-11.05,0.0651,0.0107,0.0308,0.118,0.0358,135.71,4,1,0,43,49,50,10201,0.0,275.57816,0.574,1.0,0.203,0.0,156,623,1246,14,1055
1fPUeEvkkJkI6HY3vXComF,1UkK91RiLw3FonVedbAVA1,307500,33,0,0.549,0.484,-8.959,0.0296,0.72,0.0403,0.0778,0.155,127.973,4,1,7,3,48,6,9018,13.24698,282.85388,0.622,0.944,0.636,0.464,162,646,1292,8,1038
6iZwG7PJgqvDI94WKe42gA,56BtAqdWXO8V2ZPEkFg2DV,261000,33,0,0.473,0.977,-3.162,0.0375,0.137,0.118,0.0932,0.533,129.962,4,1,5,9,46,16,9413,0.07551,254.0263,0.487,1.0,0.398,0.318,140,562,1124,7,1254
5HFcYJPja4wd1Q3dXroXWO,4vK15XpJWMJwcgP3m5afsI,367441,30,0,0.582,0.883,-3.555,0.0549,0.000771,0.0695,0.16,0.542,130.019,4,0,11,1,42,2,9700,0.0,357.76145,0.791,0.907,0.427,0.349,194,778,1556,14,1341
4htVPTGrdPjc2JgzmwM6d5,4kGt8nIQNBkCRusp4sJ3RX,252400,22,0,0.551,0.919,-5.794,0.0418,0.000494,0.0319,0.0974,0.0358,125.982,4,0,1,1,41,2,9999,0.23224,247.87302,0.743,1.0,0.587,0.564,131,522,1044,10,1021
7qQxRm6Ha17z0Vsl6LRYR3,3R3fc4fBMzzmJoSrRgVdKe,208000,21,0,0.417,0.943,-4.242,0.059,0.000244,0.00133,0.291,0.176,135.018,4,1,0,1,36,3,10088,0.11025,199.62195,0.682,0.495,0.581,0.566,115,459,918,11,713
4Yw6gk3IQome1S9C8jU4MQ,56BtAqdWXO8V2ZPEkFg2DV,215751,27,0,0.537,0.771,-7.59,0.0742,0.014,0.00368,0.237,0.0399,128.06,4,1,10,4,46,5,9965,0.0,210.95329,0.952,0.936,0.289,0.358,115,460,920,5,904
3C2eUGBwi2JG5iptokDnVc,56BtAqdWXO8V2ZPEkFg2DV,237000,20,0,0.561,0.97,-3.229,0.0625,0.00208,0.0476,0.338,0.0571,131.048,4,1,2,18,46,30,9955,2.0956,229.98204,0.826,0.932,0.516,0.508,126,507,1014,7,1043
4nEHAXinyTXQ8ndDrJCBF5,0CS3W4oaPJIPibGq5ZVC1C,427673,26,0,0.548,0.929,-5.945,0.0557,0.000933,0.0587,0.0403,0.202,137.99,4,1,6,1,41,3,9680,0.51088,421.01841,0.881,1.0,0.508,0.886,245,976,1952,16,2164
6clCNASs2SZOMJoalbvI4v,74ZIwqILJpw3pzZAWccV8U,185751,41,0,0.807,0.722,-4.532,0.0322,0.00133,3.72e-05,0.0434,0.919,108.995,4,1,7,1,31,1,9838,0.0,182.25923,0.812,1.0,0.631,0.682,83,335,670,9,674
4ta2AgTXW9HrT5lxzytP5j,5OImcY3khBn9UFjzgaapob,138536,57,0,0.551,0.935,-4.101,0.0368,0.000653,0.00217,0.298,0.324,123.037,4,1,0,1,55,2,9572,2.28717,134.93696,0.611,1.0,0.294,0.166,68,279,558,4,623
5FOy5eq86Qmz5alQpw6wpn,5OImcY3khBn9UFjzgaapob,192423,54,0,0.675,0.904,-3.477,0.0393,0.00618,0,0.338,0.436,122.99,4,0,10,1,55,1,9948,0.12771,188.59247,0.896,0.99,0.521,0.376,96,390,780,10,816
6HbeatpwTXvY0Sml6teCTf,5OImcY3khBn9UFjzgaapob,190361,46,0,0.663,0.948,-3.834,0.0341,0.00437,0.0595,0.296,0.672,123.992,4,0,10,1,55,2,10009,2.05497,187.12961,0.974,1.0,0.586,0.565,97,392,784,6,827
